ITEM_NM,SUBITEM_NM,CTPRVN_NM,SIGNGU_NM,CLUB_NM,TROBL_TY_NM,OPER_TIME_CN,CLUB_INTRCN_CN
검도,,경기,,검도 개인(클럽없음),,,클럽에 소속되지 않은 동호인이 검도종목 대회에 참가하기위해 신청하는 클럽입니다.
검도,,경기,동두천시,두드림장애인검도클럽,지체장애,"매주 수, 오후2시",
검도,,대전,동구,발달장애인 검도교실,지적장애,"매주 화, 수 오전11시",발달장애인 주간활동서비스 검도교실입니다
골볼,,충남,아산시,2021년 아산스마트장애인골볼클럽,시각장애,매주 금 오전 10시 30분~11시 30분,
골볼,,광주,서구,광주골볼동호회,시각장애,매주 토 오후 3시,
기타,,대전,,기타 개인(클럽없음),,,클럽에 소속되지 않은 동호인이 기타종목 대회에 참가하기위해 신청하는 클럽입니다.
기타,족구,강원,정선군,정선와와족구단,기타장애,"매주 화,목 오후 7시30분","정선와와족구단은 2021년도 4월17일 전국최초 장애인족구단을 창단하였으며, 장애인과 비장애인의 어울림 생활스포츠로 함께 하는 공동체의식과 장애인생활 스포츠의 발전과 건강한 생활스포츠로 자리매김 하기를 바라면서, 창단하게 되었습니다."
기타,쇼다운,충남,태안군,장애인생활체육쇼다운교실,시각장애,매주월요일오후2시,
기타,기타,대전,유성구,펀펀,기타장애,"매주 수,금 오전 10:30","중증장애인들이단기거주하며 생활하는 곳 입니다. 다양한 체육활동으로 근육이 이완되고, 행복하고 건강한 생활을 유지합니다"
기타,,충북,제천시,2021 세하 인라인 클럽,지적장애,매주 금 13:30~15:30,충북 제천시 장애인 시설 세상에서 하나뿐인 집 &apos;세하의집&apos; 인라인 클럽입니다.
기타,기타,부산,수영구,오션웨이브,기타장애,지정시간,"1. 사업목적 및 방침   ? Total Leisure Sports(SUP, Swimming, Scuba, Surfing, SKI 등)를 통해 장애인?비장애인의 건강증진 및 건전한 여가선용의 기회를 제공하여 삶의 질을 높인다.   ? 선수 및 지도사의 양성을 통해 경기력 향상을 도모하여 지역사회 문화 발전에 이바지 한다.   ? 전문기술의 습득을 통해 장애의 벽을 허물고 나아가 사회와 함께하는 자긍심을 높인다.   ? 장애인에 대한 비장애인의 이해증진을 통해 더불어 함께 사는 사회분위기를 조성한다.  2. 참여자 모집 및 관리 방안   ? Total Leisure Sports(SUP, Swimming, Scuba, Surfing, SKI 등) 기초교육과 자격증 취득교육과 건강수영?재활수영에서 엘리트 수영까지 전문적이고 활성화된 생활체육으로서 도전과 극복정신으로 진취적인 자아개발을 위한 지원   ? 경기력 향상을 위한 각종 대회 참가 및 동호회규모의 소규모 대회개최와 같은 프로그램 개발   ? Total Leisure Sports(SUP, Swimming, Scuba, Surfing, SKI 등)라는 건전한 여가생활기회의 제공을 통해 장애인?비장애인의 사회참여 유도   ? Total Leisure Sports(SUP, Swimming, Scuba, Surfing, SKI 등) 프로그램을 통해 장애와 비장애에 대한 이해도를 높이고 더불어 함께 할 수 있도록 유도"
기타,스트레칭,충남,태안군,장애인생활체육스트레칭교실,지적장애,매주 화요일오전10시30분,
기타,뉴스포츠,경남,양산시,양산정다운한궁동호회,시각장애,"매주 화, 금 오후 1시",
기타,헬스,경기,성남시중원구,성남헬스클럽,지적장애,매주 토요일 오전11시,"건강체력을 향상시키고 심신의 안정을 취할 수 있도록 하는데 그 목적이 있으며,  나아가 장애 비장애인이 함께 운동하는 공간을 만들며 통합체육의 발판을 마련하는데 그의의가 있다."
기타,낚시,경남,사천시,장애인 낚시동아리 휠링피싱,지체장애,연중 5회 낚시활동,장애인 낚시동아리 휠링피싱
기타,골프,서울,서초구,서초구 버디버디 골프동호인클럽,지적장애,"매주  금 17시~21시, 70분",어릴때부터 골프 좋아해서 열심히 운동하는 우리 버디버디 소속 아이들이 이제 성인이 되서도 골프를 좋아해서 비장애인 아이들과 함께 연습도 하고 라운드도 가고 스크린도 칩니다. 감사한 일입니다~
기타,낚시,경남,통영시,통영이순신낚시클럽,기타장애,매주 목 오후 4시,"선원출신 장애인과 비장애인(자원봉사자 및 활동보조인, 보호자 및 가족) 자율적이고 협동적인 자치활동을 통하여 스포츠 정신에 입각한 건설적인 발전을 추구함은 물론 상호간의 상부상조와 친목을 도모하며 장애인의 재활을 목적으로 한다."
기타,기타,부산,해운대구,아쿠아웨이브,기타장애,매주 금 오후3시,1. 사업목적 및 방침   ? 아쿠아활동을 통해 장애인?비장애인의 건강증진 및 건전한 여가선용의 기회를 제공하여 삶의 질을 높인다.   ? 선수 및 지도사의 양성을 통해 경기력 향상을 도모하여 지역사회 문화 발전에 이바지 한다.   ? 전문기술의 습득을 통해 장애의 벽을 허물고 나아가 사회와 함께하는 자긍심을 높인다.   ? 장애인에 대한 비장애인의 이해증진을 통해 더불어 함께 사는 사회분위기를 조성한다.  2. 참여자 모집 및 관리 방안   ? 아쿠아활동 기초교육과 자격증 취득교육과 건강수영?재활수영에서 엘리트 수영까지 전문적이고 활성화된 생활체육으로서 도전과 극복정신으로 진취적인 자아개발을 위한 지원   ? 경기력 향상을 위한 각종 대회 참가 및 동호회규모의 소규모 대회개최와 같은 프로그램 개발   ? 아쿠아활동이라는 건전한 여가생활기회의 제공을 통해 장애인?비장애인의 사회참여 유도   ? 아쿠아활동 프로그램을 통해 장애와 비장애에 대한 이해도를 높이고 더불어 함께 할 수 있도록 유도
기타,기타,경남,거제시,꿈더하기,지적장애,매주 화요일 오후4시,청소년기 발달장애인들에게 클라이밍을 매개체로 신체적 기능향상과 건전한 여가활동을 위해 활동하며 재능이 있는 친구들은 선수로 육성합니다.
기타,뉴스포츠,충남,태안군,2021년 장애인생활체육 뉴스포츠 교실,지적장애,매주 화 오전 10시 30분,
기타,스트레칭,충남,태안군,장애인생활체육스트레칭교실,시각장애,매주 목요일 오전11시,
기타,기타,충남,태안군,장애인생활체육체력증진교실,지적장애,"매주 화,수,금 오후 6시",
기타,인라인스케이트,서울,은평구,피터팬인라인스케이트,지적장애,매주 토 오전 10시,"피터팬인라인클럽은 발달장애아동, 청소년, 비장애인이 함께 즐겁고 건강하게 성장하여, 행복한 삶을 살아가는 인라인스케이트클럽입니다."
기타,풋살,전남,영암군,소림풋살클럽,지적장애,매주 화요일 오후 3시 30분,
기타,유아체육,충남,태안군,장애인생활체육튼튼교실,기타장애,매주 월요일 오전 10시30분,
기타,기타,경남,고성군,고성시각장애인쇼다운,시각장애,매주 금요일 오후10시,
기타,기타,경남,의령군,소리손한궁클럽,시각장애,매주 수 오후1시,"경남시각장애인복지연합회 의령군지회 내 의령군 시각장애인 주간보호소는 지역의 특성상 회원의 대다수가 고령으로 배울 수 있는 교육이 한정되어 있다. 한궁은 연령과 장애정도와 상관없이 장애인도 비장애인도 함께 즐길 수 있는 스포츠며 양손을 활용하는 운동으로 집중력을 향상시키고 신체의 유연성과 몸의 좌우균형을 유지하는데 효과적인 운동이다. 장애인체육동아리 소리손 한궁클럽을 통해 체육활동의 범위를 넓힐 수 있는 기회를 제공하고, 새로운 도전을 통해 자신감을 향상시키며 성취감을 달성할 수 있도록 목표의식을 고치시키고자 한다. 또한 시각장애인의 자립도를 향상시키고, 정치적 사회적 경제적 문화적 지위를 격상시키며 시각장애인의 복리증진과 권익옹호를 도모, 완전한 사회참여와 평등이념을 실현하고 자립의욕을 고취하는데 긍정적인 영향을 주고자한다."
기타,특수체육,전남,목포시,시각장애인체력증진클럽,시각장애,"매주 토, 17:00~18:00",
기타,마라톤,경남,고성군,고성희망새마라톤클럽,지적장애,"매주 목, 오후 2시",지적장애인 생활인들로 구성된 회원들의 친목 도모와 스포츠활동을 통한 건강한 체력유지와 삶의 기쁨을 누리고자 클럽활동을 하고 있음 클럽활동을 시작하고 대회에 참석하여 장애인부에서 남녀 1등을 차지하기도 하여 하였음
기타,등산,경기,성남시,성남시장애인재활산악클럽,지체장애,"월 1회,목요일 14:00~16:00",성남시장애인재활산악클럽은 여러 명소를 돌아다니며 활동을 하여 재활에 도움을 주는 클럽입니다.
기타,,충북,제천시,2021 한궁데프클럽,청각장애,매주 목 14:00~15:00,많은 참여 부탁드립니다.
기타,에어로빅,경기,화성시,참나리에어로빅클럽,지적장애,"매주 금, 오전 10",참나리에어로빅클럽은 발달장애인을 위한 생활체육 (에어로빅) 클럽으로 발달장애인의 건강을 위한 재활스포츠의 일환으로 만들어졌습니다
기타,뉴스포츠,대구,남구,2021년 더불어뉴스포츠동호인클럽,지적장애,매주 목 오전 10시,더불어남구장애인주간보호에서는 다양한 체육활동을 통해 이용자분들의 삶의 질을 높이고 성취감을 통해 자신감을 향상시키기 위해 매주 목요일 오전 10시에 생활체육을 실시합니다.
기타,,경남,,기타 개인(클럽없음),,,클럽에 소속되지 않은 동호인이 기타종목 대회에 참가하기위해 신청하는 클럽입니다.
기타,필라테스,전남,목포시,목포장애인필라테스동호회,지체장애,매주 월 오전11시,
기타,기타,경남,양산시,양산신장콘홀동호회,기타장애,매주 목 14시,"신장장애인들로 구성된 동호회로 콘홀을 통한 장애인들의 신체능력, 집중력, 소속감 향상 및 회원간의 친목도모를 목적으로 운영"
기타,등산,부산,북구,부산어울림장애인트래킹클럽,뇌병변장애,매주토요일오후2시,부산장애인어울림트래킹클럽 은 장애인 비장애인 들이 한달에 1~2회모여 부산 경남일대를 트래킹하는 모임 입니다
기타,빙상,광주,서구,Skate Camp,기타장애,"매주 화,목 오후5시",빙상동호인 어울림 클럽
기타,빙상,경기,고양시덕양구,고양펭귄스케이트클럽,지적장애,"매주 월,수 오후9시~10시","발달장애,뇌변병장애등 다양한 장애를 지닌 회원들이 스케이트를 통해 체력을 연마하며 사회성함양,스포츠로 하나되는목적을 가지고 2007년 설립된 비영리 단체입니다 ,15년의 역사를 가진 고양펭귄스케이트클럽은 매주2회 운동을 하며 국내대회와 스페셜세계올림픽대회에 참여하여 좋은성과를 내기도 하였습니다 , 현재는 약20명의 회원이 활발하게 활동하고 있으며 더 많은 신인회원을 기다리고 있습니다 ^^"
기타,,서울,송파구,송파구 선인산악회,시각장애,매주 목 09:00~17:00,안녕하세요 선인산악회 대표 김기섭입니다. 선인산악회는 시각장애인과 비장애인이 함께 등산 활동을 하는 동호회입니다.
기타,,충북,충주시,2021 다사랑 VR체육 동호회,지적장애,매주 금요일 오후2시~3시,VR기기를 활용하여 실내에서도 체육활동을 할 수 있습니다  문의사항은 043-846-3305 충주시장애인다사랑센터에 연락바랍니다
기타,특수체육,충남,홍성군,주간보호,지적장애,매주 금요일 오후2시,
기타,기타,서울,종로구,서울 시각장애인 한궁 동호회(서울시각스포츠연맹),시각장애,매주 목 10시 30분,안녕하세요. 서울시각장애인 한궁동호회입니다. 시각장애인과 비장애인이 함께어울려 한궁을 즐길 수 있는 동호회입니다. 종로구에 거주하고 계신 누구나 참가 가능하니 많이 오셔서 함께 한궁 즐겨요~
기타,,서울,강서구,강서누리어울림한궁동호회,지체장애,매주 수요일 오후 1시,
기타,기타,경남,통영시,통영이순신한궁클럽,기타장애,매주 수 오후 3시,"선원출신 장애인과 비장애인(자원봉사자 및 활동보조인, 보호자 및 가족) 자율적이고 협동적인 자치활동을 통하여 스포츠 정신에 입각한 건설적인 발전을 추구함은 물론 상호간의 상부상조와 친목을 도모하며 장애인의 재활을 목적으로 하는 클럽."
기타,기타,충남,천안시,천안시 장애학생 온라인테니스 스포츠클럽,지적장애,매주 수 15:30~17:30,
기타,쇼다운,충남,공주시,누림 쇼다운 동호회,시각장애,매주 목요일 13:30,
기타,,부산,부산진구,부산한마음장애인등산클럽,뇌병변장애,매달첫째.넷째 일요일,
기타,국궁,경기,과천시,과천시장애인한궁연맹,청각장애,"매주 화,목 오후3시","과천시장애인한궁연맹은 과천시에 거주하시는 모든 장애인을 대상으로 한궁을 가르쳐 드리고, 함께 활동하는 단체입니다."
기타,자전거,충남,서천군,행복이가득한자전거클럽,지적장애,"매주 월,목 오후 4시",저희 행복이가득한자전거클럽은 장애인과 비장애인이 모두 함께 할수 있는 클럽입니다. 장애 구분없이 행복이 가득한 클럽이 되기를 바랍니다.
기타,기타,경남,하동군,백발백중,청각장애,매주 목요일 1~3시,
기타,기타,경남,진주시,누리봄힐링산책회,지적장애,토요일 오전10시,
기타,기타,울산,북구,울산TOP,뇌병변장애,매주 금요일 오후2시,중증장애인들의 여가 활동을 통하여 동료들과 상호간 협력을 이끌어네 사회의 편견을 없에기 위함
기타,요가,대구,달성군,한사랑마을 요가세라밴드교실,지적장애,"매주 화, 목 14시","사업목표 및 방침   ? 운동이 부족한 장애인들에게 요가교실을 통하여 건강 및 정서적 안정을 도모하고 장애인의 삶의 질 향상에 이바지한다.   ? 시설 내 공간을 활용하여 장애인과 비장애인이 함께하는 요가교실을 통하여 건강한 신체를 유지하고, 적극적이고 능동적인 활동을 하는 사회구성원이 되도록 한다.   ? 지역주민과 함께 하는 요가교실을 통하여 생활체육의 저변 확대와 장애인에 대한 인식을 개선하고 지역사회의 통합을 이룬다."
기타,야구,서울,강북구,서울데프야구단,청각장애,매주,서울데프야구단 입니다.
기타,특수체육,충남,홍성군,튼튼교실,지적장애,매주 월 13:00~14:00 / 14:00~15:00,"&lt;튼튼교실&gt; - 대  상: 느티나무 어린이집 - 일  정: 2021. 3 ~ 10. / 매주 월 13:00~14:00, 14:00~15:00 - 활동내용: 체육활동을 통한 체력 향상 및 흥미 유발"
기타,골프,서울,강서구,강서필드골프,지체장애,매주 토요일 오후 1시,
기타,요가,경남,거제시,헬렌켈러요가댄스,지적장애,"매주 토, 일 오후1시","거제시 관내 장애유형과 장애 관련과 상관없이 모여 요가, 현대무용, 댄스 등을 교육 및 연습하여 재능기부 공연 활동 등을 펼치는 건강은 물론 공익활동 단체이다."
기타,기타,부산,북구,부산장애인트레킹,뇌병변장애,매주 일 오후 1시,"뇌병변 장애인의 재활을 돕기 위한 등반 및 워킹을 하면서 장애인, 비장애인이 함께 사회 참여에 그 목적을 둔다."
기타,빙상,경남,창원시,아드미 스케이트클럽,지적장애,"매주 화,목 오후4시~6시",창원시장애인종합복지관에서는 발달장애인들에게 스케이트 활동을 제공하여 균형있는 신체발달과 자신감을 향상시키고 발달장애인에 대한 장애인식을 개선하기 위함과 경남지역 발달장애인의 빙상종목 활성화 및 신인선수 발굴을 위한 2가지 목적으로 운영되는 클럽입니다.
기타,등산,경남,통영시,통영이순신등산클럽,기타장애,매주 수 오후 1시,"선원출신 장애인과 비장애인(자원봉사자 및 활동보조인, 보호자 및 가족) 자율적이고 협동적인 자치활동을 통하여 생활체육에 입각한 건설적인 발전을 추구함은 물론 상호간의 상부상조와 친목을 도모하며 장애인의 재활을 목적으로 한다."
기타,등산,경남,진주시,진주시장애인산악회,지체장애,매주 토요일 9시,
기타,,부산,북구,산울림장애인등산클럽,지체장애,매주 토 오전 10시,
기타,등산,서울,노원구,노장산1,기타장애,매주 화요일 오전 11시,"지체,뇌병변, 지적등 혼합 장애인들로  건강한 정신과 몸을 단련하고, 즐거운 삶에 의미를 찾고, 회원 상호간의 친목과 상부상조를 하며, 비장애인들과 접할 수 있는 다양한 기회를 제공하고, 장애인들을 바라보는 그들의 인식을 올바르게 하여 사회통합에 기여하며, 사회화에 대한 의욕을 고취시키고 자활의 의지를 강화해 생활체육클럽 활동을 목적으로 함."
기타,T-ball,경남,양산시,양산푸른첼린저 티볼팀,지적장애,"매주 화, 10:00~12:00",
기타,기타,부산,동래구,부산척수한궁클럽,기타장애,"매주 월, 수 오후 2시",장애인과 비장애인이 어울려서 함께 진행하는 한궁 모임 입니다
기타,,서울,,기타 개인(클럽없음),,,클럽에 소속되지 않은 동호인이 기타종목 대회에 참가하기위해 신청하는 클럽입니다.
기타,쇼다운,경남,진주시,쇼다운교실,시각장애,매주 금요일 오후 2시,"목적 : 시각장애로 인한 활동제약에서 오는 건간증진을 유지시키고자 하며, 정기적인 연습으로 생활체육을 넘어 전문체육으로 전환 할 수있는 기회를 마련하고 함. 연혁 : 2018년 9월 결성, 10월부터 활동 시작"
기타,등산,부산,북구,부산광역시 북구장애인 휠체어클럽,지체장애,매주 금 오전 10시,휠체어를 타는 장애인의 기초체력증진 및 야외 활동을 통한 신체 기능 향상을 위해 모임을 조직 운영 중
기타,등산,부산,북구,부산북구장애인필드클럽,뇌병변장애,매주 화 오후 2시,장애인의 기초체력증진 및 야외 활동을 통한 신체 기능 향상하고 자존감 회복을 위해 등산 모임을 운영함
기타,기타,대전,서구,2021년 장애인생활체육요가동호회(나마스떼),지적장애,"매주 화, 목 오후 8시",중증여성장애인의 자아존중감 향상을 위한 요가동호회 “나마스떼”
기타,등산,경남,진주시,등산교실,시각장애,"매주 금, 오후2시","목적 : 시각장애로 인한 활동제약으로 오는 육체적인 능력저하로 등산교실을 통해 건강증진을 유지시키고 능동적인 삶의 태도를 갖도록 하기 위함. 연혁 : 2010년 4월 결성, 5월부터 활동을 시작하여 매달 1회 45인승 버스로 경남일원 국립공원, 수목원 등 회원의 이동이 편리한 곳으로 산행을 하고 있으며, 회원분들의 만족도가 매우 높습니다."
기타,포켓볼,전남,여수시,여수장애인포켓볼동호회,지체장애,"매주 토, 오후 2시",포켓볼과 당구를 사랑하는 모임
기타,등산,경기,평택시,평택시재활힐링산악클럽,지체장애,"월,수 오전10시",1.몸이 불편한 장애인도 할 수 있다는 신념과 의지를 굳건히 다진다. 2.장애인에게 어려운것도 이렇게 하면 된다는 것을 알려준다. 3. 장애인과 비장애인의 더불어 함께하는 산행과 나들이를 계획하고 준비한다. 4.자연과 같이 숨쉬는 가치나눔을 통해 장애인과 비장애인이 다르지만 같은 사람들임을 더 더욱 확실히 인지한다. 5.장애인들이 나들이를 통해 삶의 질도 향상하고 몸과 마음도 건강하게 행복한 사회인으로 생활할 수 있는 초석을 놓는다. 6.재활산악회에 필요한 자료수집과 조직활동을 계획하고 준비한다.
기타,,서울,마포구,마포농인필드골프클럽,청각장애,매주 목 오후2시,마포구 농인(청각장애)으로 구성된 동호인클럽입니다. 코로나19 장기화로 스트레스 해소와 심신을 위한 건전하고 건강한 클럽운영을 목표로 하고 있습니다.
기타,,전남,목포시,요가클럽,지적장애,매주 목 오후 2시30분,장애인과 비장애인을 대상으로 건강증진프로그램을 운영하고 있는 클럽입니다.
기타,포켓볼,전남,목포시,목포장애인포켓볼동호회,기타장애,매주 토요일 14:00~15:00,목포에 있는 장애인들의 포켓볼동호회
기타,기타,경남,창원시마산합포구,무학트래킹,시각장애,매주토 10시-14시,
기타,,서울,강서구,강서샬롬장애인야구동호회,지체장애,매주 월요일 14시,장애인과 비장애인의 어울림 야구 동호회 입니다.
기타,뉴스포츠,충남,태안군,장애인생활체육뉴스포츠교실(태안여자중학교),지적장애,매주 금요일 오후 1시30분,
기타,뉴스포츠,충남,태안군,장애인생활체육뉴스포츠교실(장애인복지관),지적장애,매주 목요일 오후 3시,
기타,뉴스포츠,충남,태안군,장애인생활체육뉴스포츠교실(장애인부모회),지적장애,매주 목요일 오후 1시30분,
기타,쇼다운,경남,합천군,합천시각쇼다운,시각장애,매주 목 오후 1시 ~ 3시,
기타,기타,경남,합천군,합천시각한궁,시각장애,매주 화 1시 ~ 3시,
기타,기타,경남,창원시마산합포구,용마한궁,시각장애,매주화13시~15시,
기타,핸드사이클,경남,창녕군,장수자전거동호회,지체장애,매주 수요일 10시~16시,
기타,뉴스포츠,충남,태안군,장애인생활체육뉴스포츠교실,지적장애,매주수요일오전10시20분,
기타,,서울,노원구,서울골프클럽(필드골프),지체장애,매주 수 토 오후 2시,서울시의 장애인골퍼들의 친목과 경기력 향상을 외해 정기적을 모임과 라운드를 하면서 저변의 확대를 도모함.
기타,골프,경기,구리시,구리시장애인필드골프클럽,지체장애,매주 수 오후 6시,
기타,,충북,제천시,2021 제천시장애인생활체육 이하의집 여성인라인클럽,지적장애,매주 금 오전 10시~11시,인라인을 좋아하는 성인 여자분들의 친목 도모를 위한 클럽
기타,기타,충남,태안군,2021년 장애인생활체육 한궁 교실,시각장애,매주 수 오전 10시 30분,
기타,뉴스포츠,충남,태안군,2021년 장애인생활체육 뉴스포츠 교실,지적장애,매주 금 오전 9시 50분,
농구,특수체육,경기,안양시동안구,스포츠와사람들사회적협동조합,지적장애,매일(10-14),스포츠와 사람들 사회적 협동조합 소속 (외곽순환도로 농구단) 입니다  발달장애인 청소년과 성인의 스포츠를 통한 자립을 목적으로 2020.07월 스포츠와사람들 사회적 협동조합 설립과 함께 창단된 경기도 내 발달장애인 스포츠 농구 클럽입니다 (경기도 발달장애인 농구 대표팀 육성을 목적으로 창설된 농구단 입니다 현재 안양시 군포시 의왕시 수원시 성남시 평택시 경기도 내 기타 시의 선수들이 클럽안에서 다양한 스포츠 및 여가활동을 하고있습니다) 농구에 소질과 적성을 가지고 있는 경기도 내 많은 발달장애인의 관심과 참여를 부탁드립니다
농구,,광주,서구,빛고을농구클럽,지적장애,"매주 화, 금 오후 6시30분","농구를 재밌게 하고 싶으신 분, 잘하고 싶으신 분들 항상 모집합니다!"
농구,,충남,당진시,지적&amp;휠체어농구동호회클럽,지체장애,"지적 매주 월~목 오후1시 휠체어 매주 화,목 오후6시",지적&amp;휠체어 농구동호회클럽
농구,,경기,성남시,성남시장애인농구클럽,지적장애,매주 월요일 19시~21시,성남시 에어어택 농구클럽은 장애인과 비장애인이 함께하는 농구클럽으로 2020년 클럽을 만들어 지역사회 청소년들과 함께 재미있게 운도하고 있습니다.
농구,,충남,태안군,장애인 생활체육 농구교실,지적장애,매주 목15시30분,
농구,,서울,노원구,SMBT 성민농구클럽,지적장애,"매주 월, 수 오후 4시",
농구,,경기,구리시,수리농구모임클럽,지적장애,매주 수 오후 3시,
농구,,강원,춘천시,반비위너스,지적장애,"매주 화, 목 17시~19시",
농구,휠체어농구,대구,수성구,이카루스휠체어농구클럽,지체장애,매주 목 오후 7시,끝없는 도전의식을 휠체어농구를 통하여 함양하고 삶의 재활과 꿈을 향한 도전정신의 함양을 목표로 합니다.
농구,,경기,남양주시,남양주시 장애인농구클럽,지적장애,매주 금 18:00-20:00,남양주시! 장애인농구클럽입니다
농구,,충남,태안군,장애인생활체육농구클럽,지적장애,매주 월 오후 15시 30분,
농구,,경기,고양시덕양구,고양시 해바라기 농구클럽,지적장애,매주 수 오후 15:30,
농구,휠체어농구,서울,광진구,서울첼린져스 여성 휠체어 농구,지체장애,토요일 9시~12시,"&apos;challengers&apos;는 도전자, 도전하다 라는 뜻으로 여성 휠체어농구의 보급과 발전을 위해 창단되었고 장애인과 비장애인이 함께 어울려 활동하는 팀입니다. 장애와 환경적인 어려움을 딛고 사회활동과 더불어 다양한 활동을 하고 있는 여성 장애인들이 스포츠를 통해 사회의 일원으로 당당히 설 수 있을 뿐만 아니라 여가 활동과 대회 참여로 활력이 넘치며 도전을 두려워하지 않는 팀입니다."
농구,,충남,홍성군,지체장애 휠체어농구교실,지체장애,"매주 화,목 8시",
다트,,경기,의정부시,의정부다트연맹,기타장애,월/금,어울림 클럽 장애인 타트연맹
다트,,경기,,다트 개인(클럽없음),,,클럽에 소속되지 않은 동호인이 다트종목 대회에 참가하기위해 신청하는 클럽입니다.
다트,,충북,음성군,음성군장애인복지관 2021년 장애인생활체육 한궁교실,지체장애,매주 목 10:00-12:00,음성군에 위치한 음성군장애인복지관에서 진행하는 한궁교실
다트,,서울,강서구,강서다트동호회,지체장애,매주 금요일 오후2시~4시,강서구에 거주하는 지체장애인들의 여가 활동 및 스포츠 활동으로 누구나 함께 하는 클럽입니다.
당구,,충남,태안군,장애인생활체육당구교실,뇌병변장애,매주금요일오전10시30분,
당구,,강원,삼척시,삼척시장애인당구동호회,지체장애,매주 토 오전 10시,
당구,,서울,강서구,강서구장애인당구클럽,지체장애,매주월오후14시,저희 동호회는 장애인 비장애인을 포함한 어울림으로 발전하는 클럽으로 장애에 구분없이 서로가 한울타리를 만들는데 있습니다.
당구,,경남,합천군,한큐당구,지체장애,"매주월,수오후3시",저희 한큐당구는  지체장애인들로써 구성되어 경력이 많은 지도자에게 지도 편달을 받으므로써 기초부터 완벽하게 배우므로써 각종대회에 참가하여 수상경력도 풍부하며 무엇보다도 개인마다 집중력이 뛰어나게 발달되는게 좋은향상이며 더많은 동호인들이 생겨으면 하는 바램으로 각종신문이나 사이트를 통하여 홍보를 하고 있습니다
당구,,경남,양산시,양산데프빌리어드클럽,청각장애,"매주 수 ,일 오후6시30분",건전한 여가선용 및 스포츠 정신에 입각하여 당구를 즐기며 당구를 통하여 회원상호간의 친목을 도모하고 우수한 선수 등 발굴에 힘쓰며 단체행동을 통한 적극적인 창의와 노력으로 본회를 육성 발전시켜나감을 목적
당구,,경남,김해시,큐티큐당구클럽,지체장애,"매주 수,금요일 오전10시",여성장애인 비장애인이 함께하는 어울림 당구 클럽 화끈하고 찐한 그녀들만의 당구 동호회
당구,,경남,함양군,상림,기타장애,매주월요일 오후2시,
당구,,전남,광양시,통합형다종목동호회클럽,지체장애,매주 토 오후1시,장애인의 건강과 재활을 위한 친목 당구클럽
당구,,충남,청양군,청양당구클럽,지체장애,매주 수 15시,
당구,,경남,양산시,삽량당구,지체장애,매주 화 오후6시,장애인과 비장애인 친목클럽으로 누구나 가입할수 있는 클럽이며 매주 화요일 저녁6시에 모여 클럽할동을 합니다.
당구,,충북,옥천군,2021 스마일당구클럽,지체장애,매주 목 14:00~16:00,많은 참여 부탁드립니다.
당구,,대전,서구,대전데프빌리어즈클럽,청각장애,매주 토요일 오후6시,안녕하세요? 청각장애인들이 당구를 사랑하는 모이고자 클럽을 개설하게되었습니다. 많은 관심과 지도를 잘 부탁하겠습니다.
당구,,부산,해운대구,부장당당구클럽,지체장애,"매주  화, 목  오후 2시","본 클럽은 장애인과 비장애인이 함께 어울려 스포츠를 통한 장애인식개선을 도모하여 장애인의 사회활동참여를 장려하여 장애인의 자립을 돕기 위해 결성되었으며, 아울러 단계적인 교육을 통해 장애인당구선수단의 실력향상을 통해 각종 전국대회 참가 및 장애인 전국체전 참가를 통해 부산시의 위상을 더 높이는데 기여하고자 함"
당구,,경남,창원시진해구,진해벚꽃장애인당구동우회,지체장애,매주 금요일 오후2시,
당구,,경남,창원시의창구,해오름당구클럽,지적장애,매주 화요일 오후2시,
당구,,경기,,당구 개인(클럽없음),,,클럽에 소속되지 않은 동호인이 당구종목 대회에 참가하기위해 신청하는 클럽입니다.
당구,,경기,파주시,파주시장애인당구협회,지체장애,매주 월 또는 목 오후 3시,
당구,,서울,노원구,노원드림큐당구클럽,지체장애,"매주 화,목 10:00~12:00",장애인 및 일반인들과 당구라는 생활체육을 통해 여가활동과 건강증진 스트레스 해소를 하고 있습니다.
당구,,강원,강릉시,하모니당구클럽,지체장애,매주 월~금 오후 1~5시,장애인과 비장애인이 함께 하는 운동공간
당구,,경기,구리시,구리장애인당구클럽,지체장애,매주 수 오후 1시,
당구,,경기,성남시,성남농아인당구클럽,청각장애,매주 토요일 오후 5시~8시,성남에 사는 농인들의 당구 모임입니다.
당구,,전남,담양군,나이스당구클럽,지체장애,화 오후 1시,"안녕하세요^^; 담양군 장애인복지센터에서 당구동호회 클럽이 활동하고 있습니다. 장애&amp;비장애 담양군민 누구나 참여하실수 있으며, 함께 나이스게임 하세요"
당구,,경남,진주시,일송당구회,기타장애,매주수요일18시,
당구,,충남,금산군,금산군장애인당구동호회,지체장애,"매주토,일 15:00-17:00","2021년도 금산군장애인당구동호회 입니다. 4월11일부터 9월 4일동안 25회 약 6개월정도 진행하며, 매주 토,일 15:00-17:00시에 운동을 진행합니다."
당구,,충남,아산시,2021년 스마트당구클럽,지체장애,매주 금 오후 2시~5시,
당구,,전남,여수시,여수장애인한마음당구클럽,지체장애,매주 일요일 오후3시~5시,"여수장애인한마음당구클럽은 장애인과 비장애인이 함께 당구를 즐기면서 재활, 체력향상 도모, 소통과 화합, 어울림의 기회 제공"
당구,,충남,서천군,산재장애인협회당구클럽,지체장애,매주 수요일 오후4시30분,
당구,,대전,서구,대전장애인당구협회,지체장애,"매주 화, 토 13:00시",
당구,,충남,홍성군,2021 홍성군당구동호회,지체장애,매주 화.목 저녁 6시,
럭비,,부산,동래구,올레,지체장애,"수(14:00~18:00),금(18:00~21:00)","휠체어럭비는 장애인, 비장애인 모두가 어울려 즐겁게 할 수 있는 운동입니다.  관심있는분들은 연락주세요~!"
럭비,,충북,청주시,2021 충북휠체어럭비클럽,지체장애,매주 목 18:00~22:00,휠체어 럭비에 관심이 있으시다면 저희와 함께해요!
럭비,휠체어럭비,부산,동래구,터치다운,지체장애,"수(14:00~18:00), 금(18:00~21:00)","장애인, 비장애인 모두가 어울려 즐길수 있는 휠체어럭비입니다. 관심 있는분은 연락주세요~"
럭비,휠체어럭비,대전,유성구,대전휠체어럭비클럽,지체장애,"매주 화,목 오후 1시",대전시 휠체어럭비 동호회입니다.
론볼,,경남,진주시,모덕장애인론볼동호회,지체장애,"매주 월,수,금 오후 2시",
론볼,,울산,남구,선바위론볼클럽,지체장애,매주 화.목 14시,위모임은 장애인과 비장애인이 함께 어울리면서 회원 상호간에 유대감을 돈독히하고 전국장애인체전과  우수한 회원들은 전문선수가 될수있는 토대가 되는 모입입니다. 많은 관심과 참여 바랍니다~~
론볼,,경남,창원시,창원장애인론볼동호회,지체장애,"매주 월,수,금 오후 2시",
론볼,,충남,태안군,2021년 장애인생활체육 론볼 교실,지체장애,매주 금 오후 13시 10분,
론볼,,서울,송파구,한강론볼클럽,지체장애,"화,목13시","한강론볼클럽은1991년우리나라 최초의론볼동우회로발족하여 그동안수많은국가대표를배출하고현재도 활발히활동하고있습니다.장애인의재활을돕고 취미활동은물론열심히 하면 취업도 할수있습니다. 남녀노소 ,장애인비장애인누구나 참여 할수있으며언제든오시면 모든장비를빌려주며 친절하게지도합니다 한강시민공원으로놀러오셔서 비타민만들면서운동하세요"
론볼,기타,광주,북구,무등론볼동호회클럽,지체장애,"월,수,금  오후 2시",
론볼,,전남,여수시,여수장애인한마음론볼클럽,지체장애,매주 월요일 오후 2시,"저희 클럽은 론볼경기장에서 맑은 햇볕과 좋은 공기를 맘껏 마시며 친목을 도모하고, 건강한 생활을 유지하고 있습니다. 더불어 장애인과 비장애인이 함께 론볼을 통해서 교류하고자 합니다. 론볼을 사랑하고 관심있는 분들의 많은 참여와 신청 바랍니다."
론볼,,부산,동래구,리더스론볼클럽,지체장애,매주 수.금14시~17시,론롤종목으로 장애인과 비장애인 의 어울림 생활체육 단체로서 전문체육 과 전국장애인체전 을 출전하면서  전문 선수발굴에 기여하고 회원 상호간 유대관계 를 강화할수있고 장애인 재활에도 많은 도움이 되는 모임입니다
론볼,,서울,강남구,강남론볼클럽,지체장애,매주 10시~15시,"안녕하세요. 강남론볼클럽은 지체장애인의 체력향상과 친목도모에 기여하는 클럽입니다. 비장애인도 가입가능하며, 지체장애인의 여가생활에 도움을 주며 건강에 큰 도움을 받는 운동입니다."
론볼,,충남,서천군,충남론볼 서천군지부,지체장애,매주 월 목 오후 1시,
론볼,,울산,남구,태화강장애인론볼동호회,지체장애,매주 목 오전 10시,
론볼,,서울,송파구,슬로비론볼클럽,지체장애,월 토오후3시,"건강과 친목을 목적으로 하며 장애인 스포츠의 본이되어  사랑,비젼,꿈,행복,열정,정열이 있는 살아숨쉬는 장애인론볼의 명가 슬로비론볼클럽이 되겠습니다.  Lawn.Bowl.club"
론볼,,부산,북구,부산북구장애인론볼클럽,지체장애,매주 목 오전10시,론볼경기가 장애인의 기초체력증진 및 야외 활동을 통한 신체 기능 향상에 많은 도움이 되고 자존감 향상에 도움이 되어 클럽을 만들어 운영하고 있음
론볼,,경기,부천시,부천장애인론볼클럽,지체장애,매주 월.수요일 오전10~오후2시,부천시장애인과 비장애인으로 이루어진 어울림클럽입니다.
론볼,,대구,북구,론볼북구클럽,뇌병변장애,"매주 토,오후2시",론볼북구클럽은 그 누구의 지원 없이 대구종합복지관을 이용하는 장애우들 스스로가 건강과 화목을 목적으로 결성된 생활체육 클럽입니다. 론볼이 잔디위에서 해야된다는 고정관념을 탈피하여 어디에서라고 할 수 있도록 노력 중이며 생활체육을 통하여 재활운동의 즐거움을도 같이 줄 수 있는 획기적인 운동입니다.
론볼,,울산,남구,울산장애인론볼동호회,지체장애,메주토요일 2시,장애인과 비장애인이 함게하는 운동 입니다 ....
론볼,,부산,사상구,학장론볼클럽,지체장애,"매주 수, 금 오전 10시",
론볼,,울산,남구,울산돌고래론볼클럽,지체장애,매주 토요일,
론볼,,서울,송파구,송파론볼클럽,지체장애,"화,목 오후 2시","~꿈은이루어집니다~ 론볼를 사랑(좋아)하는 장애,비장애인의 모임으로 함! 장애인 비장애인의 생활 체육을 육성하고 더 나아가 서로를 이해하며  함께 손잡고 나아가는 진정한 의미를 살리고자 함. 론볼의 동호회 육성을 통하여 일반화 대중화 시킴으로서 쉽고 재미있게 어우러져 진정한 생활체육이 삶속에 파고들게 하고자 함."
론볼,,충남,공주시,고마나루 론볼클럽,지체장애,매주 목 오전 10시,"&lt;2021년 고마나루 론볼클럽 회원 모집 및 운영안내&gt;  공주시장애인체육회에서는 공주시 관내 장애인분들의 건강 증진과 건강한 여가생활을 위하여 매주 목(10:00~11:30)에 고마나루 론볼클럽을 운영합니다.  공주시 고마나루 론볼클럽은 장애인, 비장애인이 함께 어울리며 즐길 수 있도록 조를 편성하여 진행됩니다. 또한 다년간의 경험을 바탕으로한 지도자의 지도아래 초보자분들도 함께 운동하실 수 있습니다."
론볼,,충남,서천군,서천군장애인론볼클럽,지체장애,매주 목요일 1시부터,
론볼,,대구,수성구,금호론볼,뇌병변장애,매주토및수시13시-16시,친목도모 및 건강관리 장애인과 비장애인화합의장조성 론볼전문선수 육성
론볼,,충남,홍성군,홍주론볼동호회,지체장애,"매주 월, 목 / 17:00 ~ 18:00","홍주론볼동호회는 지체장애인 뿐만아니라, 비장애인도 참여할수 있는 어울림 종목입니다! 많은 참여 바랍니다~!"
론볼,,충북,청주시,2021 청주시직지론볼클럽,지체장애,"매주 화,목 오후14시~16시",청주시직지론볼클럽은 청주시장애인론볼연맹 소속의 클럽입니다. 직지론볼클럽은 청주시에 거주하는 장애인은 물론 론볼을 하고자 하는 일반인도 참가하여 론볼을 즐겁게 운동을  할 수 있습니다 . 직지론볼클럽이 사용하고 있는 론볼 경기장은 전국에서 제일 좋은 환경의 경기장으로 지붕이 있고  편의시설이 잘 되여있습니다. 론볼을 하고자 하는 분은 연제나 환영합니다.
론볼,,경기,안산시단원구,안산시장애인론볼클럽,지체장애,"매주 화,목 오후 2시~4시","론볼은 장애인 특화스포츠 종목으로 장애인과 비장애인이 함께 어울릴 수 있는 정적인 스포츠입니다. 하계 스포츠로서 경기장규격은 가로 5미터, 길이 40미터이며 남녀 노소 누구나 참가할 수 있읍니다."
론볼,,서울,노원구,노원 레이온론볼클럽,지체장애,매주 화.목 10:00~16:00,
론볼,,부산,동구,등대론볼클럽,지체장애,"매주 수, 금 오후2시",장애인의 건강한 생활체육문화정착과 장애인생활체육의 활성을 통한 전문체육인의 육성과 산재장애인의 재활 및 사회성향상을 윌 사회적응능력을 개발하고자 함
론볼,,충남,천안시,데굴데굴론볼클럽,지체장애,"매주 월,수 오후 2시~4시",
론볼,,충남,홍성군,론볼교실-B4,뇌병변장애,매주 수 / 14:00 ~ 15:00,"론볼교실B4는 지체 또는 뇌병변 중증장애인이 참여할 수 있는 종목으로 기존의 크고 무거운 론볼공이 아닌, 작고 경량의 론볼공으로 하는 B4종목입니다. 중증장애인분들의 많은 참여 바랍니다."
론볼,,서울,강동구,강동구 보훈 론볼클럽,지체장애,매주 월~금 오후2시,
론볼,,경기,남양주시,남양주시 론볼클럽,지체장애,매주 수 13:00-15:00,남양주시! 론볼클럽입니다.
론볼,,경기,,론볼 개인(클럽없음),,,클럽에 소속되지 않은 동호인이 론볼종목 대회에 참가하기위해 신청하는 클럽입니다.
론볼,,충북,옥천군,2021 옥천론볼클럽,지체장애,매주 금 14:00~16:00,많은 참여 부탁드립니다.
론볼,,대구,,론볼 개인(클럽없음),,,클럽에 소속되지 않은 동호인이 론볼종목 대회에 참가하기위해 신청하는 클럽입니다.
론볼,,경기,안양시동안구,안양시장애인론볼클럽,지체장애,매주: 수.목 13시~15시,"론볼이란? 장애인과 비장애인이 함께할수있는 운동으로  남,여,노,소 누구나 운동 할수있습니다. 론볼 경기는 표적구를 먼저 굴리고 각자에 공을  표적구에 가까이 붙인 볼에 수를 계산하여 점수를 채점합니다.  많은 분들 참여하셔서 건강하고 즐거운 삶 누리시길 바랍니다."
론볼,,대구,달서구,팔공클럽,지체장애,"매주 토,일 오후 1~2시",
론볼,,대구,수성구,론볼수성클럽,지체장애,"매주화,목 오후 1시","론볼수성클럽은 2011년 1월25일에 대구시장애인종합복지관을 이용하시는분들을 주 대상으로 대구에서 2번째로 론볼클럽을 창립하여 건강증진, 재활 및 생활체육 활동을 통한 친목을 도모하는 장애인생활체육 동호회 입니다."
론볼,,충북,충주시,2021 굴러라론볼클럽,지체장애,"매주 토,일 10:00~16:00",누구나 참여 할수 있는 론볼클럽  용품 항시 준비 장애인재활체육 및 가족 스포츠로 외국에 널리 알려진 스포츠 입니다.
론볼,,경북,문경시,문경새재클럽,지체장애,월~금/ 10시~16시,문경새재가 아름다운 문경시 영강체육공원내에서 활동하고 있는 론볼클럽입니다 클럽회원들은 20명 정도 활동하고 있습니다 월요일부터 문을 열어서 금요일이나 주말에도 이용가능합니다.
론볼,,울산,남구,태화강장애인론볼동호회,지체장애,매주 월 수,
바둑,,경남,진주시,진주시장애인바둑돌사랑동호회,지적장애,"매주 화, 오전10시~11시30분",
바둑,,강원,속초시,속초시어울림바둑클럽,지체장애,매주 월 오후1시~3시,전문적인 지도 강사님에 강의를 받으면서 지도를 받고  회원님들 흥미를 갖고 어울림 클럽으로 성장에 나가고 있습니다.
바둑,,전남,여수시,여장바사모클럽,지체장애,매주 화 오후 2시,"생활체육으로 운영 합니다, 장애인 비장애인 모두다 환영 합니다 배우실분들 언제든지 오시길 바랍니다"
바둑,,울산,중구,울장복 바둑동호회,뇌병변장애,매주 목 오전 9시 30분,
바둑,,경남,,바둑 개인(클럽없음),,,클럽에 소속되지 않은 동호인이 바둑종목 대회에 참가하기위해 신청하는 클럽입니다.
배구,,경기,고양시일산서구,홀트학교,지적장애,매주 금 오후 3시 30분,
배구,,충남,천안시,브라더스좌식배구스포츠클럽,지체장애,매주 (토) 오후 14시 ~ 17시,
배구,,충남,홍성군,2021 미래로홍성 좌식배구스포츠클럽,지체장애,매주 화.목 저녁7시,
배구,,전남,영암군,챔피온배구클럽,지적장애,매주 목 오후 17시,"영암에 위치한 지적장애 학생들로 구성된 클럽으로서 건강 생활 영위 및 평생 체육 활동의 바탕이 될 수 있도록 하며, 또한 개개인의 기능 향상으로 각 종 대회에 참여 우수한 성적을 거양함으로서 자신감과 팀의 명예를 빛내고자 적극적으로 참여하고 있습니다."
배구,,전남,목포시,목포시튼튼누리배구클럽,지적장애,매주 수요일 오후13:50,본교 학생 대상으로 지적장애인 배구 클럽입니다.
배구,,제주,제주시,제주 좌충우돌 좌식배구 동호회,지체장애,"매주 금, 토 오후 3시","좌충우돌 좌식배구 동호회는 2011년도 소모임으로 동호회를 만들어 활동하다가 2013년 제주도체육회에 등록하고 예산을 조금 받아 어울림대회를 열기 시작하였고, 그 후 활성화되어 엘리트 선수들을 육성하였는데 지금 현재는 엘리트 선수들은 전문체육인으로 따로 등록하였고 남은 비전문(장애인)선수(회원)들과 비장애인 회원들이 모여서 지금의 동호회로 이어져오고 있음."
배구,,충남,아산시,2021년 아산아랑이 좌식배구 스포츠클럽,지체장애,매주 목 오후 8시 30분~10시,
배구,,충남,당진시,당진U&amp;I좌식배구,지체장애,매주 금 오후 7시,당진 좌식배구클럽입니다.
배구,,경남,진주시,멋진여성좌식배구동호회,지체장애,"매주 화,수 오후4시~6시",
배구,,경남,진주시,장애인어울림배구동호회,지체장애,"매주 화,수 오후4시~6시",
배구,,강원,인제군,인제군좌식배구동호인클럽,지체장애,매주 금요일 오후 13시,
배구,,충남,아산시,아산아랑이좌식배구스포츠클럽,지체장애,매주목요일 오후8시30분,장애인과 비장애인이 화합하여 좌식배구를 통한 단합과 건강증진에 힘쓰는 클럽입니다
배구,,경기,군포시,군포좌식배구클럽,지체장애,매주 토12~16시,군포좌식배구클럽은 1999년 창단하여 현재운영중이며 수원과 군포에서 남자부와 여자부로 나뉘어 운영되고있는 팀입니다. 항시 좌식배구를 체험하거나 선수로 활동하고 싶으신분은 연락주시고 시.군에서 배구팀을 창단할시 교육 및 용품지원또한 가능합니다. 연락처 : 정두원 010-5202-9075
배구,,광주,서구,광주어등배구클럽,지체장애,매주 수 오후 7시,우리 클럽은 좌식배구 클럽입니다.
배구,,경기,수원시권선구,해피수원배구,지적장애,매주토요일 오전 10시 30분,중증의 지적장애학생으로 구성된 배구동호회이며 네트운동을 통해 정해진 규칙과 필요한 기술을 습득하고 연마하여 자기결정력을 통한 자신감과 성취감을 향상시키고자 합니다.
배구,,경기,,배구 개인(클럽없음),,,클럽에 소속되지 않은 동호인이 배구종목 대회에 참가하기위해 신청하는 클럽입니다.
배구,,충남,예산군,예산능금좌식배구클럽,지체장애,매주 수요일 오후 7시,예산능금좌식배구클럽입니다.
볼링,,경기,포천시,레인스타 볼링클럽,기타장애,"매주 화, 금 오후2시",
볼링,,충북,옥천군,2021 천사볼링클럽,지체장애,매주 금 13:00~15:00,많은 참여 부탁드립니다.
볼링,,경남,창원시의창구,창원시각장애인볼링동호회,시각장애,매주수요일 오후1시30분,창원시각장애인 볼링동호회는 창원시에 거주하는 시각장애인으로 창원시각협회에 등록된 회원중 희망자에 한해 동아리에 가입할 수 있으며 2008년 06월 27일부터 활동하여 지금까지 꾸준히 동아리 활동을 하면서 크고작은 지역경기 및 지역외 경기에 참석하여 다수의 성과를 거두고 있음.
볼링,,경남,양산시,청솔볼링회,기타장애,매주 목 오후 1시30분~3시30분,신장장애인의 화합과 친밀감 회복과 동아리 활동을 통한 인화단결 및 우수선수 육성과 친목도모와 유대강화
볼링,,부산,연제구,부산텐샷볼링클럽,청각장애,매주 토 오후7시,
볼링,,강원,삼척시,삼척마인드볼링클럽,청각장애,매주 금요일 오후 6시30~8시,저희 클럽은 청각장애인8명과 비장애인4명의 선수로 총12명으로 구성 되어있다. 청각.언어장애인 선수들과 비장애인 선수들이 서로 화합을 통해 체력증진과 유대감 형성을 위한 기틀을 마련하고 장애인에 대한 인식개선을 위함이다.
볼링,,경기,평택시,평택해피농아볼링클럽,청각장애,"매월 2,3,4째주 일요일 오후6시",경기도 평택시에 있는 K2볼링센타에서 청각장애인이 취미겸 선수의 꿈을 꾸면서 볼링활동하는 클럽입니다.
볼링,,경남,창원시,마산농아인볼링클럽,청각장애,매주 목 오후 6시,
볼링,,충북,옥천군,2021 옥천DEAF볼링클럽,청각장애,매주 목 13:00~14:00,청각장애인들이 자유롭게 어울리며 활동할 수 있는 볼링클럽입니다. 많은 참여 부탁드립니다.
볼링,,경남,양산시,양산은하수볼링회,시각장애,"매주 화, 금 오후 1시",
볼링,,서울,마포구,마포농인볼링클럽,청각장애,매주 금 오후 4시,마포구 농인의 건강한 삶을 목표로 만든 동호회 클럽입니다. 건전한 여가 생활을 통해 몸과 마음의 힐링을 추구합니다.
볼링,,경남,양산시,양산데프B.C,청각장애,매주 토 오후7시,
볼링,,대구,달서구,달서구볼링클럽,지적장애,매주 화 오후 2시,"지적장애 및 자폐성장애인들의 스트레스 해소와 운동치료를 위한 볼링동호인 클럽입니다. 매주 화요일 14시 ~ 15시에 88볼링장에서 실시할 예정이며, 코로나19 감염예방을 위해 소독 및 방역을 철저히 실시한 후 진행합니다."
볼링,,충북,청주시서원구,2021 우리들볼링클럽동호회,기타장애,"매주 목, 15시~17시",많은 관심과 참여 부탁드립니다.
볼링,,부산,사상구,볼사랑클럽,지체장애,"매주 월,수,금 오전11시",안녕하세요 항상 즐겁게 함께하는 클럽입니다..
볼링,,충남,청양군,굴렁쇠볼링클럽,지체장애,매주 월 19시,
볼링,,경기,평택시,삼무동장애인볼링동호회,시각장애,매주 토요일 오전10시30분,"삼무동장애인볼링동호회는 2006년에 결성되었습니다. 평택시에 거주하는 볼링에 관심있는 신체활동이 가능한 장애인들이 결성되어 매주 토요일 오전10시30분,  K2볼링장에서 정기 모임을 갖고 있습니다. 정기모임을 통하여 서로간의 친목도모와 유대강화 그리고 건강이 증진되었으며, 꾸준한 훈련으로 자질이 향상되어 전문선수로써 활동하시는 분들도 계십니다."
볼링,,경기,시흥시,영파워 볼링클럽,지적장애,매주 목요일 14시,장애인들이 서로 힘을주는 건강한모임입니다 운동으로 스트레스도 없애고 친목도모도 하는 모임입니다
볼링,,경남,양산시,양산지체볼링동호회,지체장애,매주 수요일 오후,
볼링,,서울,동작구,스피드시각장애인볼링클럽,시각장애,매주 목 13:30-17:00,
볼링,,충북,진천군,2021 진천군장애인볼링클럽,기타장애,매주 월 18:30,
볼링,,경기,양주시,양주사랑시각장애인볼링클럽,시각장애,"매주화, 오전10시",양주사랑 시각장애인볼링클럽입니다.
볼링,,경남,합천군,합천부모회볼링클럽,지적장애,매주수오후2시,"외부활동이 제한된 성인중증장애인들이 볼링을 매개체로 동아리를 구성하여 활동함으로써, 주간시간을 의미있게 활용하고 장애인들 간의 교류의 기회를 가질뿐 아니라 인식개선의 효과를 꾀함으로써 사회의 당당한 구성원으로 살아갈 수 있도록 돕고 있습니다."
볼링,,충남,아산시,2021년 아산온양이볼링스포츠클럽,지체장애,매주 화 오후 1시~2시,
볼링,,경기,여주시,여주세종볼링클럽,기타장애,매주 목 오후1시,"시각, 지체, 지적, 뇌병변, 등 유형별 장애인분들이 함께 볼링을 즐기는 클럽입니다"
볼링,,강원,태백시,태백농아인볼링동호회,청각장애,매주 월 오후 7시 30분 ~ 9시 30분,
볼링,,서울,강남구,강남구장애인볼링동호회,지적장애,매주 화 목 오후4시,성인발달장애인과 비장애인의 볼링동호회입니다. 시작한지는 몇년 안되었지만 언제나 즐거운 삶의 활력의 동호회입니다. 성인발달장애인의 지역 자립을 돕고 지역사회에서 어울림에 도움이 되는 동호회라고 자부합니다.
볼링,,서울,강서구,강서마스터볼링클럽,지체장애,매주 수요일 오후 2시,"장애인, 비장애인 함께하는 동호회로 많은 분들의 참여를 바랍니다."
볼링,,대구,달서구,위저드볼링클럽,시각장애,"매주 수 오후2시,토 오전 10시",
볼링,,부산,수영구,SNH 어벤져스  BC,지체장애,"1, 3주 일요일 오전 10시",저희는 2019년 9월에 창단한 클럽이며 휠체어를 타고 볼링을 즐기고 있는 팀입니다.  병원에서 재활 프로그램을 통하여 만나 소그룹 형태에서 발전하여 자생한 휠체어 볼링 동아리입니다. 활발한 활동을 할 수 있도록 많은 관심 부탁 드립니다.
볼링,,충남,공주시,고마데프볼링클럽,청각장애,매주 화 오후7시,충남 공주에서 10년째로 청각장애인 볼링클럽을 꾸려해온 클럽입니다.
볼링,,경남,합천군,해피투게더,지적장애,"매주월, 오후2시","해피투게더는 사회복지법인 평화마을사랑의집 중증장애인거주시설 에서  사회통합, 정서지원을 지향하는 사회심리재활프로그램으로 운영되어지는 교사와 이용인분들의 어울림동호회입니다."
볼링,,울산,남구,돌핀볼링클럽,기타장애,매주 토 오전11시,울산지역 장애 유형은 모든장애유형을 어우르는 클럽입니다.창단한지 10년이 넘어 좋은 장애인볼링동호인이 많이 있어요
볼링,,대전,서구,대전B.BC,시각장애,"매주 월, 수 오후 13시30분",대전 시각장애인이 주죽이 되어 매주 장애인볼링을 통한 건강증진과 여가 문화정착을 위한 모임을 하고 있습니다.
볼링,,대구,중구,소리볼링클럽,시각장애,매주일요일오전11시,"○ 볼링을 통하여 개개인의 건강과 회원간의 화합및 친목을 도모함 ○ 소리볼의 기본이념인 장애인의 권익과 장애인에 대한 편견, 불평등에 대한 사회의 인식변화를 위하여 함께 노력 ○ 장애인 볼링을 통한 생활체육의 활성화"
볼링,,경기,성남시,성남탑핀시각볼링클럽,시각장애,"매주수,오후2시30분",볼링을 사랑하는 시각장애인 클럽입니다.
볼링,,대전,서구,갈마그랜드BC,지체장애,"매주 화, 금 오후 13시 30분",장애인볼링을 통한 전문체육인 양성 및 건강증진 도모
볼링,,부산,연제구,부산시각텐핀,시각장애,"매주월,수,금오후2시",
볼링,,경기,과천시,과천시장애인볼링연맹,시각장애,"매주 화,목 오후2시",
볼링,,충남,예산군,볼든아이볼링클럽,청각장애,격주 목요일 18시30분,안녕하세요. 볼든아이볼링클럽입니다. 매달 격주 목요일 예산 드래곤볼 볼링장에서 코로나 19 방역수칙을 준수하며 진행하고 있습니다.
볼링,,경남,김해시,소리샘(지적장애볼링)동아리,지적장애,"매주 월,수,금 14시~16시",
볼링,,강원,동해시,동해일출B.C클럽,청각장애,매주일요일오후5시,
볼링,,서울,양천구,양천여성디딤돌,지체장애,매주 월.수.금 10:00,"지체 여성장애인 중심으로 매주 월.수.금 오전 10시 볼링을 하며 건강을 증진하고, 친목을 도모함을 목적으로 한다."
볼링,,경남,통영시,통영엔조이볼링클럽,청각장애,"격주(첫째주,세째주) 오후4시30분",안녕하세요~ 볼링관심하실 분은 가입해 주시면 감사하겠습니다.
볼링,,충남,홍성군,미래로볼링스포츠클럽,지체장애,매주 화 / 19:00 ~ 21:00,"미래로볼링스포츠클럽은 지체장애 뿐만 아니라,  청각장애, 지적장애 등 다양한 장애유형이 참여할 수있습니다. 많은 참여 바랍니다."
볼링,,경기,용인시처인구,용인퍼펙트농아인볼링클럽,청각장애,매주 금요일 저녁8시,"용인시 거주뿐만아니라 근거리 거주 장애인도 참여할 수있는 볼링클럽으로 2005년 개설이래 계속 운영해오고있으며 용인볼링장에서 매주 금요일마다 정기모임을 가지며, 단합과 친목을 도모하는 모범적인 클럽운영을 위해 최선을 다하고있습니다. 참여원하시는 청각장애인들은 아래 연락처로 연락주시면 감사하겠습니다."
볼링,,경남,진주시,진주시신장장애인 건강증진up 볼링동아리,기타장애,매월 화요일목요일 중 2회이상,"일주일에 3~4번 투석을 받는 신장장애인들로 하여금 신체적인 운동을 할 수 있는 기회를 제공하며, 신장장애인의 역량강화를 통해 장애환경의 극복과 자기개발을 통한 자아성취감 및 자존감을 높이고자 한다. 투석으로 인하여 심신이 지친 부분으로 인한 스트레스를 해소함과 동시에 우울증 예방 및 능동적인 삶을 부여 하고자 한다."
볼링,,대구,달서구,참빛볼링클럽,청각장애,매주 토요일 7시30분,"볼링을 즐기며 사랑하는 청각장애인이 주축을 이루어 비장애인과 더불어 소통하고 심신을 단련하며, 전문선수를 양성하면서 건강한 삶을 추구하고자 결성된 클럽입니다."
볼링,기타,부산,북구,볼펙토리 볼링 클럽,청각장애,"매주 일,오후6시",볼펙토리 볼링 클럽
볼링,,경남,김해시,굴릴레오,지체장애,매주 월~토,
볼링,,경기,성남시,성남위너스볼링클럽,지체장애,매주수요일오전10시30분~,경기도내 볼링과 함께 친목을 도모하는 장애인 클럽입니다.
볼링,,경기,성남시분당구,유니온볼링클럽,청각장애,매주 금7시,
볼링,,경남,거창군,거창플레져B.C,청각장애,매주 토 오후2시,거창군 농아인 거창플레져볼링클럽입니다
볼링,,부산,부산진구,루비스타볼링클럽,시각장애,토요일 11시,
볼링,,경북,칠곡군,프렌즈,청각장애,매주토요일7시,
볼링,,서울,강동구,서울이글스시각볼링클럽,시각장애,매주 월 10:30~13:00,"볼링을 사랑하는 시각장애인의 모임으로 매주월요일에 모여 볼링게임도 하고 회원간 정보교환,친목도모 및 장애인생활체육에 적극적으로 참여할수 있도록 여견조성과 전문선수배출을 위해서 노력하는 클럽으로 거듭날수 있도록노력중입니다"
볼링,,경기,연천군,연천군로하스볼링클럽,시각장애,화요일 14~15,
볼링,기타,경남,김해시,함께걸음,지적장애,"매월 일요일(1,3주)","경남 김해시에 소재하고 있는 실비장애인거주시설 도림원입니다. 저희는 이용자 8명, 종사자 6명이 회원으로 되어 있으며 이용자는 지적 및 자폐성을 가지고 있는 이용자분들입니다. 잘하는 것은 없지만, 승부에 관련없이 이용자분들이 체육 활동을 하면서 즐거워 합니다."
볼링,,광주,남구,원앤텐(ONE &amp; TEN)볼링클럽,지체장애,"매주 화, 수 20시 / 토 15시",지체장애인과 비장애인이 함께하며 장애인볼링 활성화와 전문체육선수 육성에 노력하는 광주광역시 장애인 볼링동호회!!
볼링,,경기,구리시,누리볼링모임클럽,지적장애,매주 목 오후 4시,
볼링,,충북,청주시상당구,2021 예그리나볼링클럽,지적장애,매주 토요일 10:30~12:00,청주에 거주하고 있고 볼링에 관심이 있는 남녀노소 누구나 참여하실 수 있으니 많은 관심부탁드립니다.
볼링,,충남,천안시,천안시장애인볼링동호인클럽,기타장애,매주 화요일 오후 6시,천안시장애인볼링동호인클럽은 천안시에 거주하면서 장애유형은 모든 유형의 장애인이면 클럽에서 활동을 할 수 있으며 유형의 차별보다 장애인이면 모두가 소통하고 생활하는데 장애가 되는 재활을 목적으로 하는 클럽입니다
볼링,,전남,순천시,시각볼링하늘동호회,시각장애,"매주 화,금 오후 1시",순천시각장애인들이 볼링을 통해  비시각장애인(정안인)들과 함께하는 행복한 삶 만들기란 슬로건 아래  삶의 활력과 적극적인 사회참여를 목표로 구성된 생활체육클럽입니다.
볼링,기타,전남,해남군,해남땡벌볼링클럽,지체장애,매주 금 오후 7시30분,
볼링,,경남,양산시,숭인볼사모,기타장애,매주 일요일 오후 1시,
볼링,,강원,삼척시,원더플 볼링동호회,시각장애,매주 목요일 1시30분,
볼링,,충남,태안군,장애인생활체육볼링클럽,지체장애,매주 토 오후 16시,
볼링,,경기,오산시,흰지팡이볼링클럽,시각장애,매주 토 오전 11시,
볼링,,대구,수성구,"2021년 범무리드림클럽, 스트라이크!!!",지적장애,매주 월.수 오후 1시,"범물장애인주간보호센터 이용자 범무리들이 볼링수업을 통해 기초체력증진과 고유수용감각 및 균형감각을 유지하며, 실내에서 즐길 수 있는 스포츠를 통해 신체기능 및 운동기능을 발달시키고자 한다."
볼링,,충북,옥천군,정신건강볼링클럽,기타장애,매주 금 오후2시~3시,정신건강볼링클럽입니다~^^
볼링,,충북,충주시,2021 충장복볼링동호회,뇌병변장애,매주 화요일 14:00~16:00,"뇌병변, 지체 등 다양한 장애인들이 함께 모여 볼링으로 화합하며 사회와 소통의 통로로 행복감 충전하는 클럽"
볼링,,충남,당진시,네오볼링 스포츠클럽,지체장애,매주 화 오후 7시~9시,
볼링,기타,경기,고양시,고양스카이볼링클럽,시각장애,매주 금 오전10시,"고양시시각장애인의 체육활동을 대표하는 클럽으로서, 시각장애인 체육의 활성화와 건전한 여가선용, 체력향상 및 스포츠 정신의 함양에 이바지하며, 시각장애인 체육의 저변 확대와 육성 발전을 통하여 경기력을 향상하고, 고양시 대표 선수 선발과 국내 및 국제 대회에 참여하고, 이를 통해 고양시의 위상과 국위선양및 시각장애인 체육발전에 기여함을 목적으로 한다."
볼링,,경기,부천시원미구,에이스볼링클럽,시각장애,매주 수 오후 14시,
볼링,,충남,,볼링 개인(클럽없음),,,클럽에 소속되지 않은 동호인이 볼링종목 대회에 참가하기위해 신청하는 클럽입니다.
볼링,,경기,이천시,이천라온볼링클럽,기타장애,"매월 둘,넷 토요일 오전 11시","라온볼링클럽은 볼링을 사랑하고 즐기는 장애인 클럽으로 남,녀 장애인과 비장애인이 함께 모이는 어울림 클럽입니다. 매월 2회 토요일 11시에 정모를 하며, 가끔 번개 모임으로 친목과 사회성을 배우고 있습니다. 모임을 통해서 건강한 정신과 육체를 만들고, 이를 통해서 엘리트 체육으로 성장하는 회원분들도 있습니다. 적극적인 활동으로 더 많은 회원이 참여할 수 있는 모범된 클럽으로 발전토록 노력하겠습니다."
볼링,,전남,광양시,월드비시볼링클럽,지체장애,매주 금 오후1시,
볼링,,충남,부여군,사비볼링클럽,시각장애,매주 수 오후 14:00~18:00,.
볼링,,경기,광주시,파워볼링클럽,지체장애,매주 수요일11시~13시,
볼링,,경남,양산시,스투라이크 홀릭~,지적장애,매주 화 오후 4시,즐거운 스투라이크 홀릭 볼링클럽에 오세요~
볼링,,경남,양산시,양산스마일농아볼링클럽,청각장애,매주 토요일 2시간,건전한 스포츠 정신으로 볼링을 즐기며 볼링을 통하여 회원상호간의 친목을 도모
볼링,,경남,남해군,보물섬D.B.C,청각장애,매주 수 오후 2시,
볼링,,충남,태안군,장애인생활체육볼링교실,지적장애,매주금요일오후3시,
볼링,,경기,양평군,은하수,지적장애,"매주 목요일 오전 2시, 오후19시","지적장애뿐만아니라 시각, 청각, 지체 장애인분들이 함께 모여 즐기며 하는 볼링 클럽 모임 입니다."
볼링,,경남,양산시,느티나무 볼링팀,지적장애,매주 화 13:30~14:30,사단법인 양산시장애인부모회 부설 느티나무 볼링팀입니다. 우리 클럽은 발달장애인(지적장애인과 자폐성장애인)으로 구성되어 운영되고 있습니다.
볼링,,서울,노원구,노원구마들볼링,기타장애,"매주 월, 수, 금 오후1시",노원구 장애인들을 위한 볼링 동호회
볼링,,강원,태백시,태백장애인종합복지관 볼링교실,지적장애,매주 수요일 오후 2시,
볼링,,서울,,볼링 개인(클럽없음),,,클럽에 소속되지 않은 동호인이 볼링종목 대회에 참가하기위해 신청하는 클럽입니다.
볼링,,충북,충주시,2021 충주애플볼링클럽,기타장애,매주 금 19:00~20:30,"안녕하세요. 저의 클럽은 지체, 뇌병변, 시각, 지적, 청각 장애인이 함께 어울리며 활동하는 동호회 입니다."
볼링,,경기,고양시덕양구,고양레인보우볼링클럽,기타장애,매주 월 오후 5시~7시,"고양레인보우볼링클럽은 지적장애와 청각장애 청소년들과 어머니들이 함께 볼링을 통해 소통하고 여가활동과 취미생활을 즐겁게 하고 있는 8년차 볼링클럽입니다,"
볼링,,광주,광산구,빛고을광청,청각장애,매주 토요일 19:00~21:00,광주광역시 청각장애인 볼링클럽
볼링,,서울,성북구,성북 행복플러스볼링 클럽,뇌병변장애,매주 수 오후1시,"체육활동을 통한 대인관계 영역 확대 및 평생 체육으로서 건강한 삶 향상, 건전한 여가생활 제공 및 지속적인 체육활동을 통한 운동능력 향상 도모하는 동호회 입니다"
볼링,,경남,,볼링 개인(클럽없음),,,클럽에 소속되지 않은 동호인이 볼링종목 대회에 참가하기위해 신청하는 클럽입니다.
볼링,,서울,금천구,클로버데프볼링클럽,청각장애,격주 목 오후8시,클로버데프볼링클럽은 청각장애인 볼링동호회입니다.
볼링,,충북,제천시,2021 드래곤이어볼링클럽,청각장애,매주 수요일 14:00~16:00,충북 제천시 청각장애인으로 구성된 볼링을 즐기는 클럽입니다.
볼링,,서울,강서구,강서마스터볼링클럽,지체장애,매주 일 오후 2시,"장애인, 비장애인 누구나 볼링에 관심 있으신 분을 환영합니다."
볼링,,충북,영동군,2021 희망영동볼링동호회,지체장애,매주 목 14:00~16:00,많은 참여 부탁드립니다.
볼링,,전남,여수시,한울타리동호회,지체장애,"매주 화,목 오후2시",여수시장애인볼링협회 회장이 운영중인 장애인볼링 동호회입니다.
볼링,,전남,여수시,핑클여성동호회,지체장애,"매주 화,목 오후2시",여수시장애인볼링협회에서 운영중입니다.
볼링,,서울,강동구,강동농인볼링클럽,청각장애,격주 화 오후 2시,
볼링,,충북,청주시,2021 신바람 시각볼링 클럽,시각장애,매주 화 13:30~17:00,안녕하세요 저회는 청주에서 활동하는 시각장애인 볼링 클럽입리다
사격,,충남,천안시,챔피언사격클럽,지체장애,매주  목요일 오후4시,저의 챔피언사격클럽은 장애인과 비장애인이 같이 어울려 사격도 배우고 재미있게 만남도 이어가는 클럽입니다.
사격,,광주,광산구,첨단사격클럽,지체장애,매 주 화요일 10:00~12:00,첨단사격클럽입니다.
사격,,경남,,사격 개인(클럽없음),,,클럽에 소속되지 않은 동호인이 사격종목 대회에 참가하기위해 신청하는 클럽입니다.
사격,,충북,진천군,2021 진천군장애인사격클럽,기타장애,매주 토 오전10시~12시,
사격,,전북,임실군,전라북도장애인사격클럽,지체장애,평일.주말 오후,전라북도의 장애인사격의 발전을 위한 시작
사격,,경남,창원시성산구,창원시장애인사격연맹장우회,기타장애,"매주 화,금 오후2시",
사격,,경남,통영시,한우리 사격동아리,지체장애,매주 수요일 14시,한우리 사격동아리는 매주 수요일 14시에 활동하며 매 달 동아리원들이 참여하는 사격대회를 개최합니다.  평소 접하기 어려웠던 사격을 사격 코치님과 함께 배워보고 활동합니다.
수영,,경기,,수영 개인(클럽없음),,,클럽에 소속되지 않은 동호인이 수영종목 대회에 참가하기위해 신청하는 클럽입니다.
수영,,강원,춘천시,개인,지적장애,"매주 월, 수, 금 오후 3시",
수영,,대구,달서구,재미나는 수영클럽,기타장애,"화,목 오후 2시","? 대구시 거주 여성 장애인들에게 배드민턴 보급을 통한 여성장애인체육의       활성화를 도모하고 여성장애인에게 맞는 생활체육을 보급한다.    ? 장애와 여성이라는 이중적인 고통을 안고 있는 많은 여성 장애인들에게       생활 체육을 통하여 건강행위 실천에 필요한 개인적, 집단적 능력을       향상시키고 실생활에서 최적의 건강상태가 유지되는 질적인 삶을 영위      할 수 있도록 한다."
수영,,울산,남구,달팽이수영동호회,지체장애,"매주 화,목 오후 8시",
수영,,울산,,수영 개인(클럽없음),,,클럽에 소속되지 않은 동호인이 수영종목 대회에 참가하기위해 신청하는 클럽입니다.
수영,,충남,홍성군,2021 홍성군 아쿠아짐 생활체육교실,지적장애,매주 목 19:00~21:00,
수영,,강원,원주시,원주드림수영돌핀클럽,지체장애,매주 화~금 10시,"지체,시각,뇌병변 장애우와 비장애우로 구성된 수영클럽입니다."
수영,,경남,,수영 개인(클럽없음),,,클럽에 소속되지 않은 동호인이 수영종목 대회에 참가하기위해 신청하는 클럽입니다.
수영,,경기,구리시,오리수영모임클럽,지적장애,매주 목 오후 5시,
수영,,제주,,수영 개인(클럽없음),,,클럽에 소속되지 않은 동호인이 수영종목 대회에 참가하기위해 신청하는 클럽입니다.
수영,,경남,양산시,마린보이,지적장애,매주 월 16:00~18:00,
수영,,경기,부천시,부천시 장애인 수영클럽,지체장애,"매주 화,목 오후3시~5시","저희 수영클럽은 장애인들이 함께 어울려 운동하며 건강도 챙기고,   대회도 함께 나갈수 있는 수영에 관심있는 장애인들이 함께 어울려   운동하는 클럽입니다"
수영,,서울,노원구,노원수영사랑클럽,기타장애,"매주 월, 수, 금요일 오후3시~5시까지","장애인과 비장애인의 어울림으로 함께 수영 운동하며, 장애인과 비장애인의 어울림으로 배우고, 즐기며, 실력향상으로 장애에 대한 사회인식 개선으로, 사회통합에 기여하는 수영동호회 입니다."
수영,,서울,양천구,파워양천,지체장애,매주 화.목.토19:00,지체.지적.시각 등 모든 성인 장애인들로 구성되어 매주 화.목.토 19:00 양천구민체육센터에서 레인 3개에서 수영을 합니다.
수영,,대전,,수영 개인(클럽없음),,,클럽에 소속되지 않은 동호인이 수영종목 대회에 참가하기위해 신청하는 클럽입니다.
수영,,광주,서구,한마음,지체장애,매주 월.수. 금 14시-16시,수영을 배우고 같이 활동하고자 하신분 모두 환영합니다.
수영,,광주,서구,수영사랑,지적장애,매주 화. 목. 금 15시-17시,수영을 배우고 같이 어울려 활동하고자 하신 초보자 모두 환영합니다.
수영,,서울,강북구,강북장애인수영동호회,지체장애,매주 목 오후18시,우리 동호회는 서울시 강북구에 소재하고 있으며 장애인의 재활 및 건강증진을 위하여 활동하고 있습니다.
슐런,,제주,,슐런 개인(클럽없음),,,클럽에 소속되지 않은 동호인이 슐런종목 대회에 참가하기위해 신청하는 클럽입니다.
슐런,,부산,,슐런 개인(클럽없음),,,클럽에 소속되지 않은 동호인이 슐런종목 대회에 참가하기위해 신청하는 클럽입니다.
슐런,,충남,태안군,2021년 장애인생활체육 슐런 교실,기타장애,매주 목 오후 13시 30분,
슐런,,경남,통영시,청각ㆍ언어 어르신 슐런동호회,청각장애,매주 토요일 오전10시,청각ㆍ언어 장애를 가진 어르신들의 친목도모 및 긍정적이고 적극적인 여가활동을 통해 우울증 해소와 생활의 활력소  제공을 목적으로 한다.
슐런,,충북,청주시청원구,2021 청원슐런동호회,지적장애,매주 월 오후2시~4시,충북청주 내수의 장애인과 비장애인이 슐론을 배우며 즐기는 어울림  동호회입니다.
슐런,,경기,하남시,하남데프생활체육클럽,청각장애,매주 화 오후 1시,"하남 지역 청각*언어장애인의 1인 1생활체육 독려를 위한 [하남데프생활체육클럽]은 누구나 쉽게 참여할 수 있는 슐런을 통해 인지력을 향상시키고, 몸을 움직여 건강한 생활을 유지하고자 합니다."
슐런,,경남,김해시,김해장애인슐런클럽,지체장애,매주 토 오후 1시,"김해 장애인 슐런 클럽  장애인, 비장애인과 어울리는 슐런 클럽"
슐런,,서울,강서구,강서슐런동호회,지체장애,매주 수 오후 15시,
슐런,,충남,공주시,2021년 신바람 슐런 동호회,청각장애,매주 화 오후 2시,
슐런,,경남,밀양시,밀농슐런클럽,청각장애,매주 수요일 오전 10시,
슐런,,경남,창원시,마산농아인슐런클럽,청각장애,매주 월~금 오후 2시,
슐런,,서울,노원구,서울 시각장애인 슐런 동호회(서울시각스포츠연맹),시각장애,매주 목요일 오후 3시,노원구 시각장애인 슐런 동호회입니다.  많은 분들의 참여 부탁드립니다~^^
슐런,,경기,부천시,부천슐런클럽,지체장애,"매주 월, 오전 11시",부천시 장애인 및 비장애인과 함께하는 슐런클럽입니다.
슐런,,충북,충주시,2021 장애인생활체육 한마음 슐런 클럽,지체장애,매주 월 13:00~16:00,2021 장애인생활체육 한마음 슐런 클럽 많은 참여와 관심 부탁드립니다.
슐런,,충남,예산군,장애인슐런클럽,청각장애,매주 금 오후2시,매주 금요일 오후 2시부터 진행되는 장애인슐런클럽입니다.
슐런,,경남,거제시,거제DEAF슐런클럽,청각장애,"매주 화,금 오전10시",안녕하세요~~
슐런,,경남,창원시성산구,경남장애인슐런동호회,지체장애,매주 토요일 1시,경남 최강 슐런동호회 경남장애인슐런동호회입니다.
슐런,,경남,하동군,Deaf푸쉬,청각장애,매주 화요일1~3시,
슐런,,경남,,슐런 개인(클럽없음),,,클럽에 소속되지 않은 동호인이 슐런종목 대회에 참가하기위해 신청하는 클럽입니다.
슐런,,충남,서산시,슐런생활연구소,지적장애,"매주 월,화,목,금 오후1시",
슐런,,부산,연제구,부산데프슐런클럽,청각장애,매주 월 수 오후 1시,청각장애인들의 휴게공간입니다
슐런,,경기,,슐런 개인(클럽없음),,,클럽에 소속되지 않은 동호인이 슐런종목 대회에 참가하기위해 신청하는 클럽입니다.
승마,,전남,여수시,여수시장애인승마클럽,지적장애,"매주 목, 오전 10시","승마활동을 통하여 신체적, 정신적 장애을 극복하고 사회적응과 화합의 장을 마련하고자 함"
승마,,전남,나주시,나주시장애인승마클럽,지적장애,"매주 월,금 오후 2시",나주시장애인승마클럽입니다.
양궁,,전남,보성군,보성양궁클럽,지체장애,"매주 월, 수 10시~11시",보성군장애인복지관 양궁회원들이 운영하는 지역 내 양궁을 사랑하는 장애인과 비장애인이 함께 어울려 참여하는 양궁 동호인클럽입니다.
양궁,,경기,부천시,부천시장애인양궁클럽,기타장애,"매주 월,화,수","저희 장애인양궁클럽은 비장애인과 장애인 배례계층 아이들이 양궁훈련을 하고 있습니다. 초,중,고 학생들이 양궁이라는 훈련을 통해 아이들이 성장발달이 좋아지고 있습니다."
양궁,,전남,담양군,혜림양궁클럽,지체장애,"매주 화, 13:30~15:30",담양군에 있는 양궁클럽입니다.
양궁,,전남,고흥군,고흥군장애인양궁클럽,지체장애,매주 목 오전 11시,고흥지역에서 활동하는 장애인 양궁클럽입니다..
양궁,,전남,광양시,광양시장애인양궁클럽,지체장애,"매주 월,목 오후2시",광양시장애인양궁클럽
역도,,충남,태안군,장애학생 생활체육 역도교실,지적장애,매주 수 16시30분,
역도,,충남,태안군,장애인 생활체육 역도교실,지적장애,"매주 월,목14시",
역도,,광주,북구,광주장애인빛고을역도클럽,지체장애,"매주 월,수 오후 3시","광주장애인빛고을역도클럽은 장애인의 사회활동참여와 친목도모 및 건전한 여가활동, 신체단련을 목적으로 주 2회 활동을 합니다."
역도,헬스,부산,해운대구,두빛나래역도동호회,지체장애,"매주월오후7시,토오후2시",장애인 장애일뿐 입니다. 저희동호회는 역도와헬스를 기반으로 장애인이 헬스클럽에 가지 않고도  기본적인 스트레칭과 웨이트트레이닝을 배울 수 있으며 근력운동을 통하여 힘든 몸과 마음에 생활의 활력과 &apos; 사회생활에서 자신감과 할 수 있다는 성취감을 동시에 얻을 수 있으리라 확신합니다. 전국대회와 어울림대회등에 출전함으로 성취감또한 즐길 수있는 생활체육스포츠입니다.
역도,,충남,보령시,정심역도클럽,지적장애,매주금 15시30분,안녕하세요 지적장애인을 대상으로 역도를 진행하고 있는 정심역도클럽입니다.
역도,,부산,,역도 개인(클럽없음),,,클럽에 소속되지 않은 동호인이 역도종목 대회에 참가하기위해 신청하는 클럽입니다.
역도,,충남,천안시,파워웨이트트레이닝클럽,지체장애,"매주 화, 목",
육상,,충남,태안군,장애인 생활체육 육상교실,지적장애,"매주 월,금 16시30분",
육상,,서울,동작구,동작 한국시각장애인마라톤,시각장애,매주 토 9시~11시,
육상,,충남,당진시,당진장애인육상클럽,지적장애,매주화18:00~19:30,
조정,,충남,홍성군,댕겨봐U 혼합유형 조정교실,지적장애,매주 수 15:20~16:20 / 목 09:30~11:,"&lt;2021년 댕겨봐U 혼합유형 조정교실&gt; - 대  상: 전 장애 - 일  정: 2021. 3 ~ 10. / 매주 수 15:20~16:20 , 목 09:30~11:30 - 활동내용: 교실 활동을 통한 체력 향상 및 경기 능력 향상"
조정,,충남,태안군,장애인생활체육조정교실,지적장애,"매주 월,수,금 오후 4시",
축구,,충남,금산군,금산군어울림풋살교실,지체장애,매주 토 오전7시30분,
축구,,울산,남구,울산드래곤풋살FC,청각장애,매주 일요일 16시,
축구,,경기,남양주시,남양주FC,지적장애,"매주 토/일 09~11,15~17",남양주시! 축구클럽 남양주FC입니다.
축구,,부산,동래구,부산Dynamic F.C,지적장애,매주 토/일 오후4시,지적장애인분들로 구성되어 있으며 활동 중 운동에 대한 기량이 높을 경우  부산광역시 지적장애인축구팀 대표로 활동 할 수 있도록 연계하여 드립니다.
축구,,충남,당진시,블루드래곤축구클럽,지적장애,매주 토 오후1시,
축구,,경남,고성군,고성희망새축구단,지적장애,"매주 화,  오후 2시",지적장애인시설 이용자들로 구성된 회원들의 친목도모와 스포츠활동을 통한 건강한 체력유지와 삶의 기쁨을 누리고자 만들어진 축구클럽
축구,,경기,성남시,성남시장애인축구클럽,지적장애,매주 토 12시,성남시장애인축구클럽은 성남시장애인들을 위하여 축구를 통한 건강한 에너지를 발산하고 여가생활을 영휘하기 위하여 설립된 비영리축구클럽입니다.
축구,,대전,유성구,F.C 이삭 발롱도르 축구 교실,지적장애,"매주 화, 금 오후 1시",대전 장애인 체육회 생활체육 사업을 통해 이삭주간보호센터 이용인 15명이 한 팀이 되어 &apos;F.C 이삭 발롱도르 축구 교실&apos;을 창단 하였습니다. 사업 기간 동안 열심히 훈련하여 포기하지 않고 열심히 하면 누구든 다 이뤄낼 수 있다는 희망을 보여드리겠습니다.
축구,,충남,천안시,FC썬더 농아인축구클럽,청각장애,매주 토 오후 6시~8시,천안시 거주 청각언어장애인(농인)을 대상으로 운영하는 축구클럽
축구,,강원,태백시,You star 풋살 동호회,기타장애,매주 금 14:00~16:00,
축구,,부산,북구,북구FC전동축구클럽,뇌병변장애,매주 화목 오후 12시 부터 17시,부산 북구FC전동 축구 클럽
축구,,대전,서구,한마음BFC,시각장애,"매주 월, 금 오후2시~4시","한마음BFC 시각장애인 축구팀으로 운영되고있으며, 비장애인과 친선경기를 통해 장애인식개선을 하고자 한다."
축구,,대구,달서구,2021 나누리 풋살클럽,지적장애,수 14시-15시30분,"풋살을 배우며 기초체력을 증진하고, 풋살의 경기규칙을 익힘."
축구,,충남,천안시,천안시 지역형 공공스포츠클럽,지체장애,"매주 화, 토",
축구,,경남,남해군,화전FC,지적장애,매주 토 오전 9,남해군 대표 여성장애인 축구단
축구,,서울,송파구,서울시농아인축구협회(서울셀로나축구단),청각장애,매주 일요일 오후2시~5시,서울시농아인축구협회(서울셀로나축구단)
축구,,경남,창녕군,창녕슈퍼스타,기타장애,매주 금 10시,
축구,,경남,남해군,보물섬FC,지적장애,매주 토 오전 9,
축구,,서울,송파구,프라미스랜드(송파시각축구클럽),시각장애,격주 토 13시~17시,시각장애인축구 B1 프라미스랜드 축구동호회 입니다.  2018~2019 전국장애인체육대회에서 서울팀으로 출전하여 2년 연속 금메달을 획득하였습니다.  생활체육 및 축구에 관심있는 시각장애인 회원들께서는 연락바랍니다.
축구,,경남,양산시,양산이글스축구클럽,청각장애,매주토요일 2시간,건전한 스포츠 정신으로 축구을 즐기며 축구을 통하여 회원상호간의 친목을 도모
축구,,경남,창원시,창원농아FC클럽,청각장애,매주 토 오후 7시,
축구,풋살,경기,성남시중원구,성남시장애인풋살클럽,지적장애,매주 토요일 12:00~14:00,성남시 관내 거주하는 지적장애인이 주축인 풋살클럽으로 신체활동 및 건강을 위해 매주 토요일 모여서 운동을 하고 있는 클럽입니다.
축구,풋살,대전,유성구,아담FC,지적장애,"매주 수, 금 오전 10시",대전 중증장애인 거주시설 아담에서 운영하는 풋살클럽입니다.
축구,,전남,신안군,힘차게발로차클럽,지적장애,"매주 토, 15:00~16:00",신안군 압해읍 지적장애인축구클럽 입니다
축구,,울산,남구,울산돌고래축구동호회,시각장애,매주 일요일 13시,
컬링,,부산,,컬링 개인(클럽없음),,,클럽에 소속되지 않은 동호인이 컬링종목 대회에 참가하기위해 신청하는 클럽입니다.
컬링,,부산,금정구,부산해머휠체어컬릴클럽,기타장애,연간 3회(1회5일)이상 전지훈련,"우리클럽은 연 3회(1회5일)이상 전지훈련(이천,강릉,의성,의정부등등)을 계획하고 실천하고 있습니다 관심있는 부산,경남 다른 타 도시 동호인여러분들의 가입을 환영합니다"
컬링,,부산,북구,부산데프컬링클럽,청각장애,"매주 수,금 오후22시~24시",
컬링,,서울,마포구,마포지회 뉴에이지컬링클럽,지체장애,"매주 금 ,오후2시",생활체육을 통해 장애인들의 건강 증진 향상과 동료간의 유대관계를 형성하며  문화여가 생활로 삶의 질을  높여가고자  활동을 합니다.
탁구,,충남,천안시,능수버들 시각탁구,시각장애,매주 금 오전 9시,천안시각장애인 탁구 클럽 능수버들
탁구,,경남,양산시,양산시퐁돌이탁구동아리,지체장애,"매주 화, 목",재활의 한 과정으로 심신을 단련하여 몸과 마음의 건강을 체육활동을 통하여 사회참여와 자립생활을 목적으로 어우러져 활동하는 동아리 입니다.
탁구,,전남,목포시,목포장애인탁구클럽,지체장애,매주 화 오후 1시~4시,"장애인, 비장애인 모여 열심히 탁구칩시다!!"
탁구,,경남,창녕군,내담탁구동호회,지체장애,"매주 수,금 10시",
탁구,,광주,동구,행복탁구동아리,지적장애,"매주 수,금 오후1시~3시",
탁구,,서울,광진구,광진구 정립탁구클럽,지체장애,매주 월~토,지체장애인 탁구클럽입니다
탁구,,광주,북구,빛고을장애인탁구회,지체장애,매주6일(월화수목금토)09시-18시,"장애인복지관 체육관에위치한 클럽으로 휠체어장애인.편마비장애인들이 다수참여하여 일주일내내 열심히 재활운 동을합니다,다수의 국가대표선수도선발되어 실력도있고 화기애애한 분위기에 즐겁게취미생활로 즐탁합니다"
탁구,,서울,광진구,광진구 휠탁구클럽,지체장애,월~토,장애인탁구럽입니다
탁구,,경남,창원시마산합포구,미생탁구동호회,지체장애,"화,목 호후 2시~5시",
탁구,,경기,,탁구 개인(클럽없음),,,클럽에 소속되지 않은 동호인이 탁구종목 대회에 참가하기위해 신청하는 클럽입니다.
탁구,,전남,여수시,다바다탁구클럽,지체장애,매주 월 오전10시,
탁구,,대구,수성구,대구장애인종합복지관탁구클럽,지체장애,"매주/월,화,수,목,금 오후1시-오후5시",지역 장애인 비장애인이 함께어울려 재활운동 및 침목도모.
탁구,,경남,창원시진해구,씽씽탁구동호회,지적장애,매주 수요일 4시~6시,진해장애인복지관에서 탁구를 즐기는 씽씽탁구동호회입니다.
탁구,,경기,용인시처인구,파워핑퐁,지체장애,매주 토 오전10시,
탁구,,충북,제천시,2021 제천드림데프농아인탁구클럽,청각장애,매주 일 13:00~15:00,농아인의 건강한 심신단련을 목적으로 하는 생활체육 탁구클럽입니다.
탁구,,경기,포천시,챌린지핑퐁클럽,지적장애,"매주 수, 금 9시30분",
탁구,,경기,김포시,김포통진참소리탁구클럽,기타장애,매일 오후2시,"당 클럽은 지역 동호회원들과 장애인 회원들이 함께 어울려 운동하고 있으며,  장애인 전문선수 중에는 2017년도 청각장애인 올림픽에 출전한 선수와 전국 랭킹 상위에 있는 선수들도 있습니다. 지역의 장애인들과 통진중,고등학교 특수반 학생들과도 연계하여 장애인선수를 발굴,육성하고 있습니다."
탁구,,경남,양산시,꿈이룸,지적장애,매주  월수 오후4-6시,저희클럽은  협동심도좋고  매대회에매달도휩쓸어오고 국가대표로 대회도 다녀온친구도 있으며 매일 서로도우며 열심히운동하고 사회성을 키우며 자존감도 생겨 너무 밝은친구입니다
탁구,,충북,영동군,2021 탁구동호회,지체장애,매주 월 13:00~15:00,많은 참여 부탁드립니다.
탁구,생활체조,대구,달서구,대구보훈스포츠탁구클럽,지체장애,"매주 월,화,수 14:00",대구시 중증장애인들과 비장애인들의 혼합 어울림생활탁구클럽으로써 생활체육을 통한  전문체육선수를 양성하여 장차 패럴림픽등에 출전하여 국위선양을 할수있도록 장애인탁구의 기초를 제공하는 어울림탁구클럽임
탁구,,부산,수영구,부산데프탁구클럽,청각장애,"매주 화,목 오전10시","수어를 제1언어로 사용하고있는 청각언어장애를 가지고 있는 남자, 여자로 구성된 탁구 클럽입니다."
탁구,,경기,의정부시,탁구사랑클럽,기타장애,매주 월 13:00~16:00,
탁구,,전남,순천시,순천휠체어탁구클럽,지체장애,매주 금 오전 10시,순천 휠체어탁구클럽
탁구,,강원,원주시,원주드림탁구클럽,지체장애,화~토 09:00~18:00,원주드림탁구클럽은 장애인의 재활을 목적으로 탁구의 기초동작과 단계별 동작 교육과 스포츠를 통한 자신감 향상의 기회제공을 위해 운영되고 있다.
탁구,,울산,울주군,울주군복탁모동호인클럽,지체장애,"월-금,09:00~15:00, 토 09:00~13:00",
탁구,,경남,거창군,탁동이 클럽,지체장애,"매주 월,목 저녁7시",거창군 대표 장애인탁구 동호회로 탁구를 좋아하는 장애인 누구나 함께 할 수있고 특히 탁구라는 스포츠를 통해 사회활동과 신체활동에 많은 도움을 주고 있다.
탁구,,경기,이천시,이천시장애인탁구동아리,기타장애,매주 목요일 오후 1시,"이천시장애인탁구동아리는 장애인 및 비장애인의 만남과 소통의 장을 마련하여 꾸준히 회원들의 개인 건강을 유지하면서, 늘 긍정의 마음을 갖고 적극적인 생활을 할 수 있는 계기를 마련해준다."
탁구,,충남,홍성군,HSTC 탁구클럽,지체장애,"매주 화, 금 오후 1시",
탁구,,서울,용산구,용산구 올리브 탁구클럽,지적장애,매주 토요일 오후 2시,발달장애 당사자와 형제자매등이 참여하는 탁구 특수체육프로그램입니다.
탁구,,충남,아산시,2021년 아장복 탁구 스포츠클럽,지체장애,"매주 화,수,목,금 오후 1시~5시",
탁구,,경기,의정부시,천보장애인탁구클럽,기타장애,"매주 화,목 오후1시~4시",
탁구,,경기,수원시팔달구,서호탁구클럽,지체장애,매주 월^ 금 오후5시,
탁구,,충남,당진시,참사랑탁구클럽,지체장애,매주 금 오전10시,"참사랑탁구클럽은 지적,청각,지체 등 다양한 장애유형의 이용자들이 참여하는 클럽입니다."
탁구,,대구,동구,핑퐁재활탁구클럽,지체장애,"매주 수,목 오후1시",재활 및 체력 단련을 할 수 있는 재활 탁구 스포츠 활동을 제공하는 클럽입니다.
탁구,,경기,수원시,수원시장애인종합복지관탁구클럽,지체장애,09~18시까지,
탁구,,경기,부천시,부천스마트탁구동호회,지체장애,월~금요일 오전9시~오후6시,부천시 장애인 어울림 탁구클럽 입니다
탁구,,경기,수원시팔달구,수원시장애인탁구클럽,지체장애,매일,2016년 설립된 클럽입니다 스탠딩 선수로만 구성됨
탁구,,강원,삼척시,삼척시장애인탁구동호회,지체장애,매주 토 오후 2시,
탁구,,세종,,늘푸른 탁구클럽,기타장애,토요일 10시,정신재활시설 늘푸른집에서 함께하는 탁구동호회입니다. 장애 비장애를 구분하지 않고 함께 어울림을 추구합니다. 많은 관심과 참여 부탁드립니다.
탁구,,서울,강서구,강서장애인탁구클럽,지체장애,매주 목.토 10~12,강서구 장애인들의 건강을 위한 탁구 동호인 클럽입니다
탁구,,충남,천안시,두리사랑탁구클럽,지체장애,"매주 월,수,목 오후1시~6시",여러 장애유형이 함께 모여서 신나게 탁구를 하는 장애인탁구클럽입니다.
탁구,,경기,용인시,용인IL탁구동호회,기타장애,"매주 월,금 오후 2시","용인시 지체장애인과 비장애인이 함께하는 탁구 동호회로 매주 월요일은 개인레슨, 금요일은 자율탁구로 운영하며, 인원구성은 10명 내외(장애인 우선)입니다."
탁구,,광주,남구,LPG탁구클럽,지체장애,"매주 화,목,금 오후1시30분~","저희 LPG탁구클럽은 탁구를 통해 장애인과 비장애인의 건강증진과 사회참여활동을 함으로서 전문선수 및 생활체육선수 육성에도 힘을 기울이고 있으며 회원들의 참여도가 높고 운동을 주목적으로 하고 있으며 장애인과 비장애인의 생활체육 참여유도, 생활체육발전 등 장애인들의 생활체육 저변확대함으로서 활동시간은 매주 화,목,금 오후 1시30분 부터 시작되며 장애인/비장애인 누구나 참여 할 수있는 클럽입니다."
탁구,,충남,금산군,2021금산한마음탁구,지체장애,"매주 일, 오후1시",
탁구,,대구,달서구,대구신나는탁구클럽,지체장애,"화,목 (15~17)",대구에 거주하는 장애인 밑 비장애인의 회원으로 열심히 운동을 하고 있는 탁구클럽입니다
탁구,,충남,공주시,핑핑퐁퐁 탁구 동호회,지체장애,매주 수요일 19시,
탁구,,경기,부천시,부천시장애인카리스탁구동호회,지체장애,"매주 월,수,금 11시~16시",부천시장애인카리스탁구동호회는 장애인 탁구선수들이 모여서 생활운동과 재활 치료를 함께 하는 클럽입니다. 그리고 사회적응훈련도 같이 할 수 있다는 장점 있습니다.
탁구,,광주,,탁구 개인(클럽없음),,,클럽에 소속되지 않은 동호인이 탁구종목 대회에 참가하기위해 신청하는 클럽입니다.
탁구,,충북,음성군,2021 음성군장애인탁구동호회,지체장애,매주 월 10:00~12:00,"본 회는 탁구를 통하여 회원 상호간의 친목을 도모하고, 신의를 돈독히 하며, 장애인생활체육 저변확대에 기여함을 목적으로 한다."
탁구,,부산,북구,리더스클럽탁구동호회,지체장애,매주 일요일 14:00-18:00,본회의 목적은 장애인 및 비장애인 탁구를 통하여 건전한 정신과 건강을 유지하고 회원 상호간의 친목 도모와 지속적인 유대강화를 그 목적으로 함.
탁구,,서울,양천구,양천장애인종합복지관 탁구클럽,기타장애,매주 월-금 13:00 - 18:00,
탁구,,충남,예산군,한사랑탁구 스포츠클럽,지체장애,매주 목 14:00~17:00,
탁구,,경기,부천시,해피탁구클럽,지체장애,매주 월~금  09시~18시,지체장애인들의 사회적 활동 및 자립생활에 도움을 주고자 서로 정보도 공유하며 협력하고  열심히 운동하는 클럽입니다.
탁구,,부산,영도구,한마음,지체장애,화.목13:00~17:00,즐기면서 운동하는 클럽
탁구,,경기,구리시,구리탁구모임클럽,지체장애,매주 화 오전 9시,
탁구,뉴스포츠,충남,계룡시,계룡시장애인탁구클럽,기타장애,"매주 화,목 오후2시30분",장애인과 비장애인의 체력증진과 화합의 목적으로 운동중
탁구,,충남,공주시,공주시탁구교실,시각장애,매주 목요일 13:30,
탁구,,충남,태안군,태안군탁구클럽,시각장애,"월,수 오후 3시",
탁구,,충북,충주시,2021 충주시각탁구클럽,시각장애,"월,수 9시~11시30분",(사)충북시각장애인복지연합회충주시지회 충주 시각탁구클럽 입니다.
탁구,,부산,강서구,가람탁구클럽,지체장애,매주 수요일 3시간,"가람장애인자립생활센터는 장애인편의시설을 모두 갖추고 있는 부산 강서구에 위치한 비영리민간단체입니다. 장애인탁구동호회를 운영하고 있으며, 탁구에 관심과 열정이 있으신분들을 초대합니다."
탁구,,경기,안산시단원구,상록탁구동아리,지체장애,"매주 화,목 12시30분",안산시 사동에 소재한 상록장애인복지관에서 경기도 일대 거주하고 탁구를 사랑하고 탁구를 통하여 장애인과 비장애인이 함께 어울려 상호간의 이해와 친목을 도모하고 건강한 정신과 강인한 체력을 함양하여 이웃 사랑과 지역발전에 일조함을 목적으로 하는 동아리 모임입니다.
탁구,,충북,진천군,2021 진천장애인탁구동호회,지체장애,화.목 오전 10시,2006년도 만들어져 지금까지 활동하고 있는 동호회 클럽입니다.
탁구,,경기,시흥시,임팩트탁구클럽,지체장애,매주 목 11시~13시,시흥시 장애인 탁구 클럽 활동 단체로 각 체급별 인원이 모여서 소통과 운동을 하며 자발적 사회활동을 하며 건강 증진을 목적으로 운영됨
탁구,,경기,시흥시,스카이탁구클럽,지체장애,매주 화요일 11시-13시,시흥시 장애인 탁구 클럽 활동 단체로 각 체급별 인원이 모여서 소통과 운동을 하며 자발적 사회활동을 하며 건강 증진을 목적으로 운영됨
탁구,,경기,양평군,양평군장애인탁구클럽,기타장애,"매주 월, 수, 금 오후1시~5시",양평군에 거주하는 장애인으로 양평군장애인복지관을 이용하는 이용자 분들을 중심으로 양평군장애인복지관에서 양평군 장애인이면 누구나  함께 운동을 하는 탁구클럽입니다.
탁구,,충남,,탁구 개인(클럽없음),,,클럽에 소속되지 않은 동호인이 탁구종목 대회에 참가하기위해 신청하는 클럽입니다.
탁구,,충남,홍성군,홍성군 미래로 탁구스포츠클럽,지체장애,"매주 월,금 오후 2시",
탁구,,경남,의령군,꿈돌이탁구단,시각장애,매주 월 오전10시,"경남시각장애인복지연합회 의령군지회 내 의령군 시각장애인주간보호센터는 지역의 특성상 회원의 대다수가 고령으로 배울 수 있는 스포츠가 한정되어 있다. 시각장애인 탁구는 일반탁구와 달리 청각에 의지하여 네트 아래로 탁구공을 주고받는 방식으로 누구나 손쉽게 배울 수 있는 스포츠로 장애인체육동아리 꿈돌이 탁구단을 통해서 장애로 인해 활동량이 적은 시각장애인에게 신체적 정신적 단련과 자신감, 도전의식을 고취시킬 수 있는 계기를 마련하고자 한다. 또한 이 기회를 통해 시각장애인의 자립도를 향상시키고, 정치적 사회적 경제적 문화적 지위를 격상시키며 시각장애인의 복리증진과 권익옹호를 도모, 완전한 사회참여와 평등이념을 실현하고 자립의욕을 고취하는데 긍정적인 영향을 주고자한다."
탁구,,서울,광진구,광진구 직장인 일요운동탁우회,지체장애,매주 일 12:30 - 18:00,회원 대부분 직장인이어서 매주 일요일 12:30에서 18:00까지 정립회관 체육관 2층 탁구장에 모여 친목도모를 위해 한주의 스트레스를 풀며 지내면서 서로 탁구로 어울리는 클럽입니다.
탁구,,충남,천안시,셀러브리티탁구스포츠클럽,지체장애,매주 목 14:00~16:00,
탁구,쇼다운,경남,남해군,소치사클럽,시각장애,매주 목  오후 1시,남해지역 시각장애인들의 건강증진과 친선도모를 위한 시각장애인 스포츠단에 사랑과 열정을 함께하고 나아가 시각장애인스포츠 활동과 저변 확대의 발전을 위함을 목적으로 한다.
탁구,,경남,양산시,꿈달다장애인탁구동호회,지적장애,"매주 화, 목 오후 4시30분",
탁구,,경남,김해시,푸른소나무회,지체장애,매주 월.화.수.목.금.토 오전10~오후5:30,"안녕하세요 푸른소나무회 김해시장애인탁구동아리입니다. 회원 상호간의 친목도모와 장애인의 삶의 질을 향상시키고, 나아가서는 장애인생활체육 탁구 저변 확대에 기여함을 목적으로 한다."
탁구,,광주,남구,무등산시각탁구,시각장애,"매주 수,금 오전 10시",
탁구,,경남,,탁구 개인(클럽없음),,,클럽에 소속되지 않은 동호인이 탁구종목 대회에 참가하기위해 신청하는 클럽입니다.
탁구,,경남,합천군,황강 탁구,지체장애,"매주화,금오후3시",저희황강 탁구는 지체장애인으로 구성되었으나 비장애인들과도 같이 훈련을 하고 또같이시합을 해도 손색이 없을 만큼  뛰어난 실력을 갖추고 있으며 각종 대회에 참가하여 우승을 하였으며 지자체 친선게임도 많이 참여 하였습니다 좀 더많은 회원을 확보하기위하여 끝없는홍보 활동을 하고 있으며 더 많은실력 정진을위하여 다같이노력하는체육동아리입니다.
탁구,,광주,서구,가온탁구클럽,지체장애,"매주 월,화,수,목 오전10시~오후 4시30분","탁구를 사랑하는 사람들이라면 누구나 참여할 수 있습니다. 초보자들의 체계적인 훈련과 다양한 교실프로그램을 통해서 개인의 기량향상을 도모하며 기존선수들과 함께 동호회,어울림대회와 각종 국내대회를 참가해서 소귀의 목표를 달성하는 등 클럽활성화를 위해 노력하는 클럽입니다."
탁구,,경남,사천시,사천시와룡장애인 탁구클럽,지체장애,오후2시~5시,안녕하세요
탁구,쇼다운,경남,김해시,김해회오리시각탁구,시각장애,매주 화 오후1시,
탁구,,광주,남구,달뫼탁구클럽,기타장애,"매주 화, 목 오후 13시~15시",광주광역시남구장애인종합복지관 달뫼탁구클럽 입니다
탁구,,충남,보령시,힐링탁구스포츠클럽,지체장애,월~금요일13~17시까지,보령관내 장애인등록장애인 지체.지적.청각.정신 장애인이면 누구나 즐탁.건탁을 할수있고 현제 회원수28명이며 서로배려하구 도와주면 즐탁건탁하는 힐링탁구스포츠클럽이랍니다
탁구,,경남,남해군,남해군장애인탁구클럽,지체장애,매주 월-금 오후2시,저희 클럽은 장애인과 비 장애인으로 구성된 클럽이며 지역사회의 일원으로 함께하는 차별을 넘어 평화를 추구하는 클럽 입니다
탁구,,경기,광명시,광명시나래장애인탁구클럽,지체장애,"매주 화, 목  오후2시",서울에 가까이 접해있지만 생활체육의 불모지로 서울로 가서 문화체육을 즐기는 광명시 중증장애인을 대상으로 광명시 생활체육의 활성화와 체력 향상 및 재활의욕을 함양하기 위해 활동하고 있습니다.
탁구,,경기,고양시,고양시장애인탁구클럽,기타장애,"매주 월, 수, 금 오후 1시~5시",장애인스포츠를 알리는 클럽으로 시작하여  생활체육탁구를 즐기다가 전문탁구선수로의 발전을 하는 클럽 재가장애인들의 활동영역을 넓히는 클럽
탁구,,충남,서산시,모드니탁구클럽,기타장애,"수,목 오전 10시 ~ 12시",
탁구,,부산,남구,평화복지탁구클럽,뇌병변장애,"매주 목,금 13:30",
탁구,,전남,광양시,자립센터탁구클럽,지적장애,매주 화 오전10시,장애인의 건강과 재활을 위한 친목 탁구클럽
탁구,,광주,서구,가온누리 탁구 동호회,지체장애,"매주 화, 목 오후 7시",장애와 비장애인이 함께 탁구로 인하여 사회활동 저변 확대와 전문 탁구 기술을 습득하여 각종 대회 참석과 탁구인 화합도모에 주안점을 두고 열정을 갖고 클럽활동을 운영하고 있음
탁구,,충남,서천군,서천군 시각장애인협회 시각탁구,시각장애,매주 수 오후 2시,서천군 시각탁구입니다.
탁구,,충남,부여군,사비탁구클럽,청각장애,매주 목 13:30~15:00,
탁구,,서울,,탁구 개인(클럽없음),,,클럽에 소속되지 않은 동호인이 탁구종목 대회에 참가하기위해 신청하는 클럽입니다.
탁구,,경남,창원시,날개탁구동아리,기타장애,매주화요일 오후 4시30분부터 5시 30분,발달장애인과 봉사자로 이루어진 스포츠 동아리
탁구,,대구,달서구,달구벌탁구클럽,지체장애,"매주 월,수 2시",장애인과 비장애인이 함께 운동하는클럽입니다.
탁구,,경남,합천군,합천시각탁구동아리,시각장애,매주 수 오후 1시 ~ 3시,
탁구,,충남,태안군,2021년 장애인생활체육 탁구 교실,기타장애,"매주 월,금 오후 4시",
탁구,,충남,태안군,2021년 장애인생활체육 탁구 교실,기타장애,매주 수 오후 13시 30분,
탁구,,충남,태안군,2021년 장애인생활체육 탁구 교실,기타장애,매주 월 오후 3시,
탁구,,부산,연제구,곰두리좌식탁구클럽,지체장애,"매주 월,금 17시, 매주 토 13시",ㅇ 2011년 7월 5일 곰두리클럽동호회 창단. ㅇ 생활체육의 새로운 종목(좌식탁구)으로 활동함. ㅇ 장애인 비장애인 구분없이 동등한 조건 운동함.
탁구,,충남,홍성군,홍성탁구클럽,청각장애,"화, 금 오후 2시",홍성군 장애인 탁구 클럽입니다.
탁구,,서울,노원구,평화어울림탁구클럽,지체장애,"매주 월, 수",
탁구,,서울,성북구,성탁회(성북구탁구클럽),지체장애,"매주 월, 금 오전 10시~11시30분","지체장애인, 발달장애인으로 구성 된 탁구동호회 &quot;성탁회&quot; 입니다. 많은 장애인분들과 운동을 통해 건강하고 즐거워졌으면 좋겠습니다. 많은 관심 바랍니다."
탁구,,경남,남해군,보물섬탁구단,지적장애,매주 목 오후 2시,
탁구,,제주,,탁구 개인(클럽없음),,,클럽에 소속되지 않은 동호인이 탁구종목 대회에 참가하기위해 신청하는 클럽입니다.
펜싱,,광주,서구,염주펜싱,지체장애,"매주 월,수 오후 2시",안녕하세요 ~ 염주펜싱클럽입니다 !
펜싱,,충남,홍성군,휠체어펜싱교실,지체장애,"매주 월,화,목,금 / 10:00 ~ 11:00",휠체어펜싱교실은 지체장애 및 뇌병변장애인이 참여할 수 있는 종목입니다. 고정된 휠체어위에서 겨뤄지는 검술 경기 펜싱!  많은 참여 바랍니다!
보치아,기타,서울,강서구,모자이크 보치아클럽,뇌병변장애,"매주 수,금 오후2시","저희 모자이크 보치아클럽은 자유롭게 쉽게 누구나 즐길 수 있는 스포츠 팀으로 구성 되었있습니다. 단&apos; 클럽 내 규정과 규칙을 두고 목표을 설정하여, 중증장애인의 생활 스포츠로써 많은 중증장애인들이 함께 할 수 있는 공동체로 체계적인 기반을 구축하고자 합니다.  또한, 중증장애인들의 자립과 문화 공동체 및 여가활동을 기반으로 하여 전문 선수로 활동 할 수 있는 목적과  퇴행성 장애를 조금이나마 지연 시키는 예방적 효과를 기대하며, 생활에 활동성을 불어 넣어 사회구성원에  나가고자 하는 목적을 두었습니다."
보치아,,충남,태안군,장애인생활체육 보치아클럽,뇌병변장애,매주 화 오후 15시,
보치아,,부산,북구,부산하모니,뇌병변장애,매주 토 오후 13시,2001년부터 보치아 훈련과 친목도모를 하고 있습니다. 관심이 있으신분들 연락주세요.
보치아,,서울,은평구,네잎클로버보치아클럽,뇌병변장애,"매주 화,금 오후2시",안녕하세요. 은평장애인자립생활센터 보치아자조모임으로 회원들간의 회의를 통해 운영하고 있습니다. (활동시간은 상황에 따라 변경될 수 있습니다.)
보치아,,전남,순천시,보치아은볼클럽,뇌병변장애,매주 화 오후 2시~4시,"중증장애인과 경증장애인, 비장애인이 어울어진 보치아클럽."
보치아,,경기,화성시,화성희망나래보치아클럽,뇌병변장애,매주 수요일 오전10시,화성시 유일한 보치아 클럽
보치아,,서울,강서구,강서구 허리케인보치아,뇌병변장애,매주 화 오후 2시,안녕하세요 남은자장애인자립생활센터 보치아 팀 &quot;허리케인&quot;입니다. 많은 관심과 신청부탁드립니다.
보치아,,강원,,보치아 개인(클럽없음),,,클럽에 소속되지 않은 동호인이 보치아종목 대회에 참가하기위해 신청하는 클럽입니다.
보치아,,전남,나주시,나주시드림보치아클럽,지체장애,매주 화요일 09:30~11:30,
보치아,,충남,청양군,청양보치아클럽,지체장애,매주 수 10시,
보치아,,경기,오산시,세상밖으로 보치아클럽,뇌병변장애,"매주 수,금 14시",
보치아,,부산,북구,부산뇌병변복지관 보치아클럽,뇌병변장애,매주 목요일 14시~17시,부산뇌병변복지관 내 보치아 동호회입니다
보치아,,경기,용인시,용인시장애인보치아연맹 구르네,지적장애,금 오전 10시,"뇌병변, 지적장애인들의 생활체육 클럽입니다."
보치아,,경기,시흥시,시흥 퍼펙트,뇌병변장애,매주 월.수.금 오후 1~4시,우리 시흥 퍼펙트는 시흥시의 유일한 중중장애인 보치아 클럽 입니다.  좋은 환경속에서 전문선수와 생활체육으로 함께 나아가는 클럽니다.
보치아,,경남,진주시,한마음보치아동호회,뇌병변장애,매주 화.수 오후1시,
보치아,,광주,광산구,나눔보치아클럽,뇌병변장애,매주 월요일 오후 1시,안녕하세요. 나눔보치아클럽 입니다.  나눔보치아클럽은 보치아를 얼마나 사랑하고   보치아 연습을 하기 위해 회원분들이 모였습니다.  감사합니다.
보치아,,충남,서산시,서산쇠똥구리보치아클럽,뇌병변장애,"월,수,금 오후 2시",우리는 충남 서산시에서 보치아를 통해 장애와 비장애인이 어울려 보치아 경기력 향상과 여가활동을 즐기는 동호회입니다.
보치아,,경기,파주시,자유로보치아클럽,지체장애,매주 수 오후 2시,
보치아,,충남,태안군,장애인 생활체육 보치아교실,뇌병변장애,"매주 월,금 10시",
보치아,,경기,포천시,포천어울림보치아클럽,뇌병변장애,"화, 목 오후 2시",
보치아,,경기,광주시,광주시장애학생스포츠클럽,뇌병변장애,매주 월 오후 2시,
보치아,,경기,군포시,꿈을담아던지다(군포),지적장애,"매주 월,수 13시",군포시에서 생활스포츠(보치아)를 즐기는 모임입니다
보치아,,충북,제천시,2021 제천시장애인큰나무보치아클럽,지적장애,매주 목요일 14:00~15:00,충북 제천시에서 보치아 경기를 함께 즐기는 모임입니다.
보치아,,충남,예산군,예산사랑보치아클럽,뇌병변장애,매주 수요일 오후13시,안녕하세요. 예산사랑보치아클럽 입니다. 매주 수요일 13:00~15:00 예산군장애인종합복지관 체육관에서 진행 합니다.
보치아,,대구,달서구,2021 위풍당당 보치아 클럽,뇌병변장애,"매주 화, 목 오후 2시 ~ 오후 4시",생활체육 위풍당당 보치아 교실은 평상시 잘 사용하지 않는 근육을 사용함으로써 신체적 기능을 향상 시키고 일상생활에 활력을 불어넣어 삶의 질 향상 및 건전한 여가생활을 영위하기 위해 만들어졌습니다.
보치아,,서울,노원구,노원구 삼색공의열정 보치아클럽,기타장애,"매주 금요일, 14:00~17:00",안녕하세요! 저회클럽은 비장애인과 함께 어울려 화합의 장을 열고자 하오니 많은 관심부탁드립니다.
보치아,,서울,성동구,성동 햇빛사랑 보치아클럽,지체장애,"매주 화,목,금 12시30분~15시30분",성동장애인종합복지관 소속 보치아팀 햇빛사랑입니다.
보치아,,광주,북구,우리이웃백구보치아클럽,뇌병변장애,"매주 월,금 오후 3시",광주 북구를 대표하는 우리이웃장애인자립생활센터 백구보치아 클럽입니다.
보치아,,부산,부산진구,부산오륙도보치아클럽,뇌병변장애,매주 월 토 오후13시,저희오륙도보치아클럽을 소개하겠습니다. 우리클럽은 2000년도에 설립하여 올해 딱 21년 되는 클럽입니다. 19년 동안 우수한 보치아 성적 및 부산클럽들 주최로 개최되는 클럽리그전 우승 5연패를 하였으며 올해도 우승을 위하여 열심히 훈련에 매진하고 있습니다. 관심 있으신 분은 저희 클럽에 가입주세요^^
보치아,,충남,서천군,다함께 보치아클럽,뇌병변장애,"매주 월, 목 10시",복지관을 이용하시는 중증 장애인분들을 위주로 구성된  보치아 클럽입니다~  항상 웃음과 행복이 가득한 클럽입니다^^
보치아,,충북,청주시,2021 충북보치아클럽,지체장애,매주 수 13:00~15:00,뇌성마비와 학부모님으로  구성된 클럽입니다.
보치아,,광주,북구,장복 보치아,지체장애,"매주 월, 목 오전10시30분",장애인들과 재미있고 흥미있는 운동이 될수 있도록 노력하는 클럽이 되겠습니다
보치아,,전남,여수시,동백원보치아클럽,기타장애,매주 수 오전 10시,"동백원보치아클럽은 지체,뇌병변,지적장애인이 함께 어울려 뇌병변장애인 스포츠인 보치아를 배우고 즐기는 모임입니다. 관심 있으신 분들의 참여 기다립니다~! ^^"
보치아,,부산,사상구,다모아클럽,뇌병변장애,매주 월 오후 2시,뇌병변 장애인만큼 지적 장애인도 많은 클럽입니다
보치아,,충남,홍성군,2021 홍성나래보치아동호회,뇌병변장애,"매즈 월,화 14:00~16:00",
보치아,,서울,노원구,노원프리닉스 보치아클럽,뇌병변장애,"매주 화, 목 오후 2시",
보치아,,경기,남양주시,남양주다산장애인보치아클럽,뇌병변장애,매주 월 18:00-20:00,남양주시! 다산장애인보치아클럽입니다
보치아,,경기,양주시,양주씨밀레보치아,뇌병변장애,매주 월.수.금 오후14~18,
보치아,,강원,춘천시,춘천장애인자립생활센터보치아클럽,뇌병변장애,"매주 수,목 오후 2시-4시","중증장애인들에게 문화체육활동 참여를 제공하고, 신체재활을 목적으로 한다."
보치아,,대구,동구,다릿돌보치아어울림클럽,지적장애,금 오후 4시,
보치아,,경북,경산시,경산자립센터 보치아자조모임,뇌병변장애,매주 수 오후 2시,
보치아,,부산,북구,부메랑,뇌병변장애,"매주 월,수,금 오후2시~5시",
보치아,,부산,연제구,피워휠,뇌병변장애,매주 월 14시~17시,보치아를 통한 사회활동 활성화와 자립의지를 높이고 활동을 통해 기초체력을 향상 시키고 지역사회 속에서 자신감을 갖게한다
보치아,,경남,양산시,한우리 보차아,뇌병변장애,매주목 오전 10시,뇌병변 장애인건강증진
보치아,,부산,사하구,어울빛2,뇌병변장애,"매주 월,화,목,금","뇌병변중증장애인과 지체 중증장애인 그 보조자로 구성해서 정신적, 육체적 향상을 위하여 친목도모하는 클럽입니다."
사이클,,서울,,사이클 개인(클럽없음),,,클럽에 소속되지 않은 동호인이 사이클종목 대회에 참가하기위해 신청하는 클럽입니다.
사이클,,경기,하남시,러브하남사이클클럽,시각장애,매주 화요일 오후1:30,
사이클,,경남,양산시,양산데프MTB클럽,청각장애,"매주 토,일 5시간",다양한 자전거(MTB) 모임을 통하여 안전하게 자전거을 배우고 즐기며 회원들의 건강증진과 상호간의 친목을 도모
사이클,핸드사이클,부산,해운대구,부산장애인휠체어사이클동호회,지체장애,"매주 수, 금 오전10~12","부산시 척수장애인 휠체어사이클동우회 매주 수,금 모여서 친목 도모와 체력증진을 위한 클럽 입니다"
사이클,,충남,홍성군,시각장애 생활체육 텐덤사이클 교실,시각장애,매주 수 / 09:30 ~ 11:30,"텐덤사이클은 시각장애선수와 비장애인선수가 함께 2인용 자전거를 타는 종목입니다. 파일럿(비장애인)의 리드로 안전하게 진행되며, 시각장애인 누구나 쉽게 참여 할 수 있는 종목이니 많은 참여 바랍니다."
사이클,핸드사이클,전남,광양시,휠체어사이클클럽,지체장애,매주 수 오전 10시,
사이클,템덤사이클,경기,파주시,파주텐덤사이클,시각장애,매주토요일09시,
사이클,,경기,성남시,성남농인사이클클럽,청각장애,매주 토요일 오전~오후,자전거 라이딩을 즐기는 성남에 사는 농인들로 구성되어 있습니다.
태권도,,경기,광명시,2021 광명시 장애인 태권도 천사 클럽,지적장애,"매주 수,금",
태권도,,대구,서구,서대구태권체조클럽,지적장애,"매주 금, 오전 10시 40분","성인발달장애인(지적, 자폐성)과 함께 다양한 운동을 접목한 태권체조를 통해 기초체력 강화와 스트레스 감소를 시켜 즐거운 일상을 보낼 수 있도록 도와줍니다."
태권도,,충북,청주시청원구,2021 희망태권도클럽,지적장애,매주 목 10:00~12:00,희망태권도클럽은 우리나라 국기인 태권도 연마를 통해 지적장애인분들의 심신을 단련하고 정서적인 안정을 도모해 개인의 역량을 키우며 건강한 사회인으로서의 역할을 다할 수 있도록 한다.
태권도,,대전,중구,2021 스페셜리태권클럽,지적장애,"매주 수,목 오전 10시30분",안녕하세요! 스페셜리태권클럽은 태권도와 생활체육을 병행하는 성인지적장애인 생활체육동호회입니다.
태권도,,경기,,태권도 개인(클럽없음),,,클럽에 소속되지 않은 동호인이 태권도종목 대회에 참가하기위해 신청하는 클럽입니다.
태권도,,울산,남구,울산무거복지센터 태권도 동호회 &quot;몸튼튼 마음튼튼&quot;,지적장애,"매주 수, 금 오전 11시",울산무거복지센터 이용 장애인분들의 태권도 동호회 입니다.
태권도,,대전,대덕구,와썹 늘픔,지적장애,"매주 월, 수 오전 10시",
태권도,,대전,서구,행복마을태권클럽,지적장애,"매주 화,목 오후 3시",
테니스,,대구,달서구,대구휠체어테니스클럽,지체장애,"매주 월,화,목,금 오후2시",어울릶 테니스 클럽
테니스,휠체어테니스,광주,서구,투바운드클럽,지체장애,"매주 월, 수, 금 오후 14시~17시",
테니스,휠체어테니스,경기,수원시권선구,수원클럽,지체장애,월~금,
테니스,,충북,충주시,2021 충주휠체어테니스클럽,지체장애,매주 화.토10시-12시,충주휠체어테니스동호인클럽
테니스,,부산,금정구,백호,지체장애,"매주 월,수,금",우리클럽은 장애인과 비장애인이 함께하는 휠체어테니스 클럽입니다
테니스,,경기,용인시,에이스클럽,지체장애,매주 월~금 10~16시,
게이트볼,,경남,진주시,일송게이트볼,지체장애,"수,토 오후 2시",
게이트볼,,경기,안성시,안성맞춤농아게이트볼클럽,청각장애,매주 화-금 오전10시-12시,농아인(청각장애인)으로 구성 된 클럽으로서 농아인 체육 활동을 도모합니다.
게이트볼,,경기,구리시,오뚜기게이트볼클럽,지체장애,매주 화 오후 3시,
게이트볼,,경남,남해군,보물섬N.D.G,청각장애,"화,목 오후 2시",
게이트볼,,충남,보령시,정심게이트볼클럽,지적장애,매주 목 15시 30분,안녕하세요 지적장애인을 대상으로 게이트볼을 진행하는 정심게이트볼클럽입니다.
게이트볼,,광주,,게이트볼 개인(클럽없음),,,클럽에 소속되지 않은 동호인이 게이트볼종목 대회에 참가하기위해 신청하는 클럽입니다.
게이트볼,,경남,밀양시,밀농게이트볼클럽,청각장애,"매주 화,목 오전 9시",
게이트볼,,충북,보은군,2021 보아게이트볼클럽,청각장애,매주 화 13:30~15:30,
게이트볼,,광주,남구,광주남구진월클럽,기타장애,"매주월,화,목 오전9시",
게이트볼,,충남,당진시,해나루 게이트볼 클럽,청각장애,매주 목 14:00-16:00,
게이트볼,,경남,통영시,한울타리게이트볼,지체장애,"매주 월,화,수,목,금 1시","한울타리게이트볼 동아리는 지체장애인과 뇌병변 장애인, 그리고 비장애인으로 구성된 어울림게이트볼 동아리입니다.  2020년 경남도지사기 게이트볼대회에 참가하는 등 왕성한 활동을 진행하고 있습니다."
게이트볼,,경남,창원시진해구,진해벚꽃장애인게이트볼동우회,지체장애,매일 오전6시~오후6시,
게이트볼,뉴스포츠,경남,거창군,곰두리,지체장애,매주 목 오전10시,전국일반대회  장애자대회에 우승과 준우승 도 대회에서 우승괴 준우승 을 여러번 했으며 게이트볼에서는 그 이름도 유명한 거창곰두리 하면  막강한 실력과 단합된  모습은 게이트볼에서는 신화적인    존재입니다
게이트볼,,경남,남해군,보물섬장애인게이트볼,지체장애,매주 목 오후 2시,
게이트볼,,충남,금산군,2021금산어울림게이트볼,지체장애,"매주 월,목 오후 1시30분",금산군 장애인과 비장애인이 함께 하는 어울림게이트볼
게이트볼,,경남,창녕군,화왕산장애인게이트볼동회,지체장애,"매주 수,금 11시",
게이트볼,,경남,합천군,황강게이트볼,지체장애,매주화.목오후2시,저희황강게이트볼은 지역에서 지체장애인과 비장애인들이 함께 어울려서 화합과단결심으로 항상 열심히 하는 클럽이고 장애인이 아니라 같은 선수로써 의기투합이 잘되여 각종대회에서 수상경력도 다양하게많습니다. 항상 연습때만 되면 시간이 기다려 진다고 하며  모두 좋아합니다.
게이트볼,,서울,강북구,강북구보람게이트볼클럽,지체장애,매주 토 오후2시,"장애인생활체육발전과 생활체육저변확대를 위하여 노력하고 있으며,  각종대회 우승과 장애인전국체전 대표선수배출과 우승 3관왕등을 배출하는등 많은성과를 이루고있습니다."
게이트볼,,경기,의왕시,의왕시장애인게이트볼클럽,지체장애,"수, 금 09:30-11:30","의왕시 장애인게이트볼연맹에서 운영되는 지체 및 뇌병변, 청각장애인이 참여하는 장애인 게이트볼 클럽"
게이트볼,,경남,함안군,함안농게이트볼,청각장애,매주 목 오후 2시~4시,2019.07.09 부울경 농아인게이트볼 동호인 생활체육대회 3위 2019.11.30 제27회 경남 농아인 체육대회 군부2위 2019.12.24 제4회 함안군게이트볼 협회장기 생활체육 게이트볼 대회  장려상 2020.07.02 경남도지시가 장애인게이트볼대회 8강진출
게이트볼,,경기,김포시,김포시농아인게이트볼,청각장애,"매주 화,목 오후2시","김포시 관내 청각, 언어장애인이 함께하는 농아인 게이트볼 클럽입니다."
게이트볼,,경기,화성시,화성복지클럽,지체장애,"매주 화, 목 오후 1시",
게이트볼,,광주,광산구,황룡게이트볼동호회클럽,지체장애,"매주 월,수,금 오후 1~4",
게이트볼,,경남,창원시마산합포구,어울림,지체장애,매주 화요일 10시-15시,어울림은 지체장애인 회원으로 구성되어 있으며 서로 친목과 화합을 추구하는 동아리입니다
게이트볼,,경남,김해시,챌린저,지체장애,토 오후1시,
게이트볼,,경남,양산시,양산시으럇차차게이트볼,지체장애,13-17,으럇차차게이트볼가족처럼 구성되어 재미있게체력운동과건강관리로하고잇습니다
게이트볼,,충남,서천군,산재장애인생활체육동우회,기타장애,"매주화,목,토 오후2시",산재장애인협회 생활체육동우회입니다. 산재장애인과 비장애인이 어울려 한마음을 이루는 화합의 장으로 신체적으로는 재활에 좋은 영향을 주고 정신적으로 사회의 일원으로 참여할수 있는 자립의 기회를 주는 모임입니다.
게이트볼,,경남,고성군,고룡이,지체장애,월 수 금,
게이트볼,,경기,양주시,양주시장애인게이트볼클럽,지체장애,매주수요일,
게이트볼,,경남,사천시,사천시농아인게이트볼,청각장애,"매주 수, 오전 10시",
게이트볼,,충남,천안시,천안시장애인게이트볼클럽,시각장애,매주 토 9:00~12:00,
게이트볼,,경남,양산시,양산농아게이트볼클럽,청각장애,매주수 오후4시,건전한 여가선용을 위하여 농아인어르신 및 농아인들이 모여서 게이트볼을 즐기며 게이트볼을 통하여 회원상호간의 친목을 도모
게이트볼,,충남,아산시,2021아산시 농아인게이트볼클럽,청각장애,매주 수 오후 1시,
게이트볼,,부산,북구,유벤투스농아인게이트볼클럽,청각장애,"매주 화, 금 오후 1시",
게이트볼,,충남,서천군,서천군장애인게이트볼연맹,지체장애,"매주 화, 목, 토 오후2시",서천군산재장애인협회 게이트볼연맹입니다.
게이트볼,,경남,,게이트볼 개인(클럽없음),,,클럽에 소속되지 않은 동호인이 게이트볼종목 대회에 참가하기위해 신청하는 클럽입니다.
게이트볼,,경기,성남시,성남농아인게이트볼클럽,청각장애,"매주 월, 수, 금 오전10시~12시",성남에 살고 있는 농인들의 게이트볼 모임입니다.
게이트볼,등산,경남,진주시,남가람게이트볼,지체장애,매주 수.토 오후2시,지체 장애 동호인들의 건강 증진과 친목과 사회활동 참여를 목적으로 한다.
게이트볼,,충남,공주시,공주시장애인게이트볼동호회,지체장애,매주 월 오전10시,&lt;2021년 공주시 장애인 게이트볼 동호회 회원 모집 및 운영안내&gt;  공주시장애인체육회에서는 공주시 관내 장애인분들의 건강 증진과 건강한 여가생활을 위하여 매주 월(10:30~11:30)에 장애인 게이트볼동호회를 운영합니다.  공주시장애인게이트볼연맹 소속의 선수들과 비장애인이 함께 어울리며 진행되는 동호회활동을 통하여 건강한 여가생활을 즐기실 분들의 많은 관심과 참여 부탁드립니다.
게이트볼,,전남,순천시,순천정원게이트볼클럽,기타장애,매주화요일,"2017년 순천장애인게이트볼은 지체, 청각, 기타장애 및 비장애인과 어울림으로 운영하는 클럽으로 활동중입니다."
게이트볼,,경남,하동군,길벗,청각장애,"매주 화, 목 오전9시",
게이트볼,,경남,통영시,스마일게이트볼,청각장애,"주 2회 수, 토",청각장애인(농아인) 기량향상 및 친선 도모를 위한 게이트볼 클럽
게이트볼,,경남,고성군,고성농빛게이트볼,청각장애,매주 수요일 오후 2시,고성지역 농인들의 게이트볼 동아리입니다.
게이트볼,,충남,청양군,데프게이트볼클럽,청각장애,매주 수 14시,
게이트볼,,충북,제천시,2021 제천시 JCRC 게이트볼 동호회,지체장애,매주 월요일 2시~4시,제천시 게이트볼 동아리 입니다. 많은 관심과 참여 부탁드립니다!
게이트볼,,경남,사천시,울타리,지체장애,"매주 금,일 1시","장애인들의 건전한 생활체육 활동을 위한 장애인게이트볼동아리로 지체, 뇌병변, 청각, 비장애인들이 함께 모여 활동을 진행하며 장애인들의 권익보호와 건강증진을 위한 활동을 하고 있다. 장애인들의 건전한 여가활동을 통하여 사회성 함양과 원만한 사회생활을 영위하고 비장애인과 장애인이 함께 더불어 살아가는 통합사회구현을 목표로 건전한 생활체육을 활성화 하고자한다."
게이트볼,,충남,예산군,예산농아인 게이트볼클럽,청각장애,매주 화 오전 10시,매주 화요일 오전 10시부터 12시까지 진행되는 농아인 게이트볼클럽입니다.
게이트볼,,경남,양산시,양산게이트볼동아리,지체장애,"매주 수,토 오후1시30분",양산게이트볼동아리입니다.
게이트볼,,충북,음성군,음성군장애인복지관 2021년 장애인생활체육 게이트볼교실,지체장애,매주 화 13:00-15:00,음성군에 위치한 음성군장애인복지관에서 진행하는 게이트볼 교실 입니다.
게이트볼,,경남,거제시,거제DEAF게이트볼동아리,청각장애,"매주 화,금 오후1시",안녕하세요^^
게이트볼,,충남,태안군,장애인생활체육어울림게이트볼클럽,청각장애,매주 화 오후 14시,
배드민턴,,전남,목포시,중앙배드민턴클럽,기타장애,매주 평일 오후2시,
배드민턴,,광주,북구,장복 배드민턴,지적장애,"매주 화,금 10시30분",장애인들 건강증진을 위한 클럽입니다
배드민턴,,대구,동구,청암배드민턴클럽,지적장애,"매주 화,목 오후2시",
배드민턴,,대구,달서구,혜성배드민턴클럽,지체장애,"매주 월, 화 오후7시30분","대구장애인배드민턴협회 산하 혜성배드민턴클럽으로 장애인과 비장애인이 함께 어우러져 운동하고 있으며, 휠체어배드민턴종목과 스탠딩종목(지적장애, 청각장애)의 동호인들과 선수들이 함께 운동하고 있습니다. 대구달구벌장애인스포츠센터에서 매주 월, 화 오후 7시 30분~9시30분까지 운동하고 있습니다."
배드민턴,,대전,유성구,드림팀동호회,지체장애,"매주 토:13:00, 월 18:30",1. 클럽 창단 : 2010.12.05 2. 회원수 : 24명 3. 목적 : 배드민턴을 통한 장애인 삶의 질 향상 4. 대내활동 :     1) 초보자 레슨(문의:010-5078-7386)         (1) 매주 토 : 12:00 ~ 13:00         (2) 매주 월 : 18:30 ~ 19:30 5. 대외활동     1) 클럽간 친선 경기     2) 전국 규모의 생활체육 대회 참가
배드민턴,,대구,수성구,태양배드민턴클럽,지체장애,"매주 수 19시,일 14시","태양배드민턴 클럽은 장애인과 비장애인이 함께 운동하는 어울림클럽 입니다 대구장애인 종합복지관 2층체육관에서  매주 수,일 운동합니다 장애인10명, 비장애인3명으로  총원13명입니다"
배드민턴,,경남,남해군,보물섬배드민턴단,지적장애,매주 화 오후 2시,
배드민턴,,경기,의정부시,블루윙배드민턴,지체장애,"월,수,금,토.오후1시",
배드민턴,뉴스포츠,충남,태안군,장애인 생활체육 뉴스포츠교실,지적장애,매주 수10시30분,
배드민턴,,서울,성북구,성북구 일요배드민턴클럽,지체장애,"매주 화,목,토,일 18시~22시",휠체어장애인들이 배드민턴을 치며 건강과 취미를 도모하는 곳입니다
배드민턴,,부산,남구,유엔배드민턴클럽,지체장애,"매주 화,수 오후1시~3시","부산에서 장애인 비장애인이 함께 어울리는 좌식배드민턴을 하는 동호회입니다. 20여명의 선수가 매주 화, 수요일에 남구 복지관 4층 강당에서 연습을 하고 함께 하는 시간을 많이 가지면서 서로에게 도움이 되도록 노력을 하는 훌륭한 클럽입니다."
배드민턴,,경남,합천군,다빈,지적장애,"매주 수, 오후 2시","외부활동이 제한된 성인중증장애인들이 배드민턴동아리를 구성하여 활동함으로써, 주간시간을 의미있게 활용하고 장애인들간의 교류의 기회를 가질 뿐 아니라 인식개선의 효과를 꾀함으로써 사회의 구성원으로 당당하게 살아가도록 돕고자 한다."
배드민턴,,경기,양주시,YJ한마음배드민턴클럽,지적장애,매주 월수금 14시부터 18시까지,"YJ한마음배드민턴 클럽은 장애인 배드민턴 종목을 양주시에 널리 보급하여  장애인의 체력을 향상케 하며, 장애인의 생활체육 진흥을 위한 각종사업을 실시함으로써 장애인의 건강증진 및 건전한 여가생활과 함께 즐거움을 만끽합니다~ 양주시 주민과 타 시에서 양주국민체육센터를 방문하시면 즐겁게 운동할수 있습니다"
배드민턴,,경남,남해군,사랑이톡톡배드민턴동아리,지적장애,매주수 오후2시~4시,지적장애인으로 구성된 배드민턴동아리입니다
배드민턴,,서울,,배드민턴 개인(클럽없음),,,클럽에 소속되지 않은 동호인이 배드민턴종목 대회에 참가하기위해 신청하는 클럽입니다.
배드민턴,,부산,해운대구,부산한마음배드민턴클럽,지체장애,"매주 화,목,토 오후 12시",
배드민턴,,대구,수성구,위드휠배드민턴클럽,지체장애,"매주 화, 목 오후7시",배드민턴을 사랑하는 직장장애인들의 클럽
배드민턴,,광주,북구,프런티어,지체장애,월.수.금.토.19:00~21:00,"광주시 프런티어 배드민턴 클럽은.비록 몸은 훨체어에 의지하여 운동을 하지만   배드민턴, 훨체어,좌식 스텐딩 비장애인과 함께하는 클럽입니다"
배드민턴,,광주,광산구,빛고을,지체장애,"화,목. 19:00~22:00",빛고을배드민턴클럽은 광주시 광산구에서 장애인배드민턴을 즐기는 사람들의 모임 입니다.  장애인스포츠에 관심있으신분들 함께 하시게요.
배드민턴,,충남,보령시,JS배드민턴클럽,지적장애,매주 금 15:30분,안녕하세요 지적장애인대상으로 배드민턴을 진행하고 있는 JS배드민턴클럽 입니다.
배드민턴,,경기,양주시,양주폴라리스배드민턴클럽,기타장애,매주 월~토요일 13:00~17:30,지체 및 지적장애 기타장애 비장애 모두가 즐거운 생활체육 배드민턴클럽
배드민턴,,전남,여수시,여수시장애인배드민턴함꾸네클럽,지적장애,"매주 월, 금 오후 7시",장애인과 비장애인이 배드민턴을 통하여 심신의 건강을 증진시키고 장애인의 사회참여를 유도
배드민턴,,전북,,배드민턴 개인(클럽없음),,,클럽에 소속되지 않은 동호인이 배드민턴종목 대회에 참가하기위해 신청하는 클럽입니다.
배드민턴,,충남,아산시,2021년 스마일배드민턴클럽,지체장애,"매주 수,목 오후 2시~5시",
배드민턴,,전남,영암군,소정배드민턴클럽,지적장애,매주 월 오후4시,"소림학교 학생들로 구성되어 있으며, 일과 시간 후 여가활동 일환으로 배드민턴클럽을 운영합니다."
배드민턴,,대전,유성구,대전장애인배드민턴협회,지체장애,"매주 화,목 오후 4시~6시까지","대전장애인배드민턴협회는 건강증진을 위한 국민 스포츠로서의 배드민턴 생활체육의 저변 확충과 기반을 조성하며,  선수 발굴과 양성을 위해 최선의 노력을 다 하는 협회가 되겠습니다."
배드민턴,,충남,아산시,2021년 아산장콜민턴클럽,지체장애,매주 화 오후 8시 30분~10시,
배드민턴,,경기,양주시,YJ휠배드민턴클럽,지체장애,매주 월수금 14시부터 18시까지,"본 클럽은 장애인 스포츠를 통하여 심신의 건강을 증진 시키고, 장애인의 사회참여를 유도하고 장애인??비장애인과의 이해확대를 꾀하여 궁극적으로 사회??통합에 일익을 담당함을 목적으로 합니다. 신입 회원 모집하오니 배드민턴에 관심이 있으시면 카페 또는 전화 주시면 감사하겠습니다."
배드민턴,,경기,성남시수정구,성남양지장애인배드민턴클럽,기타장애,매주일요일,장애인과 비장애인이 함께 운동하는 어울림배드민턴클럽입니다. 많은 관신부탁드립니다.
배드민턴,,강원,영월군,동강달구지배드민턴클럽,지체장애,"매주 화,금 오후14:00~16:00","강원도 영월군에 동강달구지배드민턴클럽입니다...  어울림클럽으로 많은 회원 가입하세요.......  운동시간(화,금:14:00~16:00)"
배드민턴,,대구,수성구,달구벌휠체어배드민턴클럽,지체장애,"월,수,금 13:00~17:00",대구 최초 휠체어 배드민턴 클럽
배드민턴,,충남,아산시,2021년 함께해요 배드민턴클럽,지체장애,매주 화 오후 6시 30분~8시,
배드민턴,,전남,광양시,광양시장애인배드민턴클럽,지적장애,매주 금 오후2시,지적장애인 배드민턴클럽
배드민턴,,대구,달서구,재미나는배드민턴클럽,기타장애,월.수. 오후 2시,"? 대구시 거주 여성 장애인들에게 배드민턴 보급을 통한 여성장애인체육의       활성화를 도모하고 여성장애인에게 맞는 생활체육을 보급한다.    ? 장애와 여성이라는 이중적인 고통을 안고 있는 많은 여성 장애인들에게       생활 체육을 통하여 건강행위 실천에 필요한 개인적, 집단적 능력을       향상시키고 실생활에서 최적의 건강상태가 유지되는 질적인 삶을 영위      할 수 있도록 한다."
배드민턴,,충북,청주시,2021 해피드림배드민턴클럽,지적장애,매주 금 17:00~18:30,많은 참여 부탁드립니다.
배드민턴,,경남,하동군,승승장구,지적장애,"매주 화,금",하동군발달장애인주간보호센터를 이용하는 장애인을 대상으로 2015년부터 배드민턴 클럽활동으로 승승장구를 운영해오고 있으며 하동군체육회와 연계하여 체계적인 훈련을 통해 신체활동 및 정서적능력 및 경기력 향상을 도모하고 친선경기 또는 평가전을 통한 타 지역 장애인들과의 사회적 교류를 향상시키는데 목적을 둠
배드민턴,,서울,노원구,불암장애인배드민턴클럽,지체장애,"화,목(오후6~10시)/토,일(오후2시~8시)",서울특별시 노원구등록 장애인배드민턴동호인클럽입니다. 초보.숙련자 모두 환영합니다.
배드민턴,,충남,홍성군,미래로배드민턴동호회,지체장애,"매주 화,목 17시~20시","&lt;2021년 미래로 배드민턴 동호회&gt; - 대  상: 지체, 지적, 청각, 비장애인 - 일  정: 2021. 1 ~ 12. / 매주 화,목 17:00 ~ 20:00 - 활동내용: 동호회 활동을 통한 배드민턴 실력 향상 및 각종 대회 참가"
배드민턴,,충남,홍성군,배드민턴교실,지적장애,"매주 화,목 15:30~17:00","&lt;2021년 배드민턴 교실&gt; - 대  상: 전 장애 - 일  정: 2021. 1 ~ 12. / 매주 화,목 15:30~17:00 - 활동내용: 교실 활동을 통한 배드민턴 실력 향상 및 각종 대회 참가"
배드민턴,,서울,강북구,강북장애인배드민턴클럽,지체장애,"매주 화,목,토 오후 6시~오후10시",우리클럽은 장애인과 비장애인과 어울려 운동과 화합의 시간을 가짐 선수들 정신적 육체적 건강증진과 배려. 화합의 시간을 가짐으로써  각자의 장점을 되실린다.
배드민턴,,부산,부산진구,효민클럽,지적장애,"매주 월,수,금 오후7시",지적장애인들과 비장애인이 모여서 배드민턴 활동을 하고있습니다.
배드민턴,,충남,서천군,서천군장애인배드민턴동호인클럽,지적장애,매주 목 오후3시부터,
배드민턴,,대구,수성구,울타리배드민턴클럽,지체장애,매주 월 12시,
배드민턴,,부산,사상구,부산왑스장애인배드민턴클럽,지체장애,"매주 월, 수, 금 오후 6시",부산왑스장애인배드민턴클럽
배드민턴,,대전,유성구,대전드림팀,비장애인,토 오후 2시,
배드민턴,,충남,천안시,다함께배드민턴클럽,지체장애,"매주 (월,수,금) 오후 13시 ~ 15시",
배드민턴,,경남,합천군,황강배드민턴,지체장애,"매주월,수,금오후5시",저희 황강배드민턴은 장애인이나 비장애인 모두가 같이 할수있는 체육 동아리로써 많은 인기에  모두들 열심히 훈련을 하며 각종지차체 대회를 참가하여 우승경력도 풍부하며 군정보지나 지방신문을 통하여 지속적인 홍보로써 많은회원을 보유하고있습니다.
배드민턴,,경기,포천시,블랙이글,지체장애,"매주 (화 , 목) 오후 3시",
배드민턴,,대구,달서구,달구벌스탠딩배드민턴클럽,뇌병변장애,"월,수,금 2:30~3:30",저희 클럽은 장애인의 건강과 행복한 여과활동을 목적으로 어울림 배드민턴 클럽을 운영하고 있습니다.
배드민턴,,경기,,배드민턴 개인(클럽없음),,,클럽에 소속되지 않은 동호인이 배드민턴종목 대회에 참가하기위해 신청하는 클럽입니다.
배드민턴,기타,부산,해운대구,라온클럽,지적장애,"매주 월,금 오후 4시부터6시까지",지적장애인 전문선수 및 생활체육 클럽입니다
배드민턴,,경기,고양시일산서구,리시브,지체장애,매주 월요일 15시,리시브클럽은 일산직업능력개발원에서 직업훈련을 받고 있는 훈련생들과 고양시 및 고양시 인근지역 재가 장애인들이 함께 운동을 하는 클럽입니다.
배드민턴,,충북,청주시서원구,2021 날아라셔틀콕 동호인클럽,기타장애,매주 화요일 15:00 ~ 17:00,우리들정신건강센터 2021년 날아라셔틀콕 동호인클럽입니다. 많은 참여 부탁드립니다.^^
배드민턴,기타,경기,동두천시,동두천시 햇살클럽,비장애인,매주 월.화.수.목 12시~4시30분,광암동국민체육센터가  2019년도에 동두천시민의 건강을  위해서 준공 되었다  우리클럽이 2015년8월부터 시민회관 체육관에서 운동하다가 회원이 41며이 되다보니 좁아서 2020년 7월부터 광암체육관으로 옮겨서 다같이 10코트에 들어가서 운동할수 있어  넘좋습니다  회원들의 건강증진과 발전하는 클럽이 되고 있어요~
배드민턴,,대전,대덕구,디딤돌스포츠클럽,지체장애,"매주도,일",장애인 비장애인 어울림 스포츠클럽
파워싸커,,부산,남구,피닉스전동휠체어축구단,뇌병변장애,매주 목 오후 2시,뇌병변장애뿐 아니라 휠체어를 이용하는 모든 장애 혹은 비장애인들이 가드를 장착한 전동휠체어를 타고 농구장 크기의 경기장에서 공을 가지고 하는 축구와 유사한 실내경기를 하는 클럽입니다.
파워싸커,,서울,노원구,외인구단,뇌병변장애,격주 목요일 오후2시,뇌병변장애인들이 전동축구를 통해 친목을 도모하고 자립정신을 기르는 모임 입니다.
파워싸커,,서울,은평구,어벤져스(전동휠체어축구),뇌병변장애,매주 토 11시~14시,"어벤져스는 뇌병변장애청소년으로 구성된 장애인파워싸커팀으로 뇌병변장애학생들이 팀스포츠의 장점인 협동심과 배려심, 소통 등을 배울 수 있는 활동형 스포츠입니다. 앞으로 많은 홍보를 통하여 스포츠를 즐기고자 하는 청소년들에게 기회를 제공하며, 장애인파워싸커의 저변확대를 위해서도 노력을 하겠습니다."
파워싸커,,서울,성북구,노들PAN,뇌병변장애,매주 수요일 오후 3시,2015년 &quot;전동휠체어축구 서울지역대회&quot; 참여 우승 2016년 서울시 장애인 체육회 지원 &quot;전동휠체어축구 서울지역대회&quot; 개최 및 참여 4강 진출 2017년 성북구 장애인 체육회 지원 교실형 사업 진행 2018년 &quot;서울인천지역 경인리그&quot; [드래곤]팀으로 참여 5위 2019년 [드래곤]팀 운영 및 자조모임 진행 2020년 [노들PAN]팀으로 운영 중
파워싸커,,서울,중구,노마크,뇌병변장애,매주 토요일 오후2시,훨체어 축구에 대한 열정을 가지신 분이면 누구나 환영합니다.  노마크찬스에 승리를 거머쥘 야망있는 분 누구나 환영합니다.
파워싸커,,서울,용산구,용산FC,뇌병변장애,매주 월 오후2시,용산구 지역에서 활동하고 있는 파워싸커 용산FC입니다. 저희팀은 2016년도 3월에 창단하여 현재까지 활동하고 있습니다 2017년도에 전국대회 3위를 할 정도로 저력있는 팀입니다
파워싸커,,서울,중랑구,토네이도,뇌병변장애,매주 목 오후 2시,"토네이도 팀은 2017년 창단되었으며, 전동휠체어축구 활성화를 위한 적극적인 활동을 하고 있으며, 매 대회에서 상위에 입상하였고, 현재 모임 참여자는 8으로 구성된 팀이다"
파워싸커,,서울,영등포구,봉고레패밀리,뇌병변장애,격주 토욜11시,"영등포구 장애인파워싸커, 전동휠체어 축구팀입니다. 중고등학생들이 많아요. 꿈과 열정과 우정이 함깨합니다."
파워싸커,,경북,경산시,F.C 미르,뇌병변장애,매주 수 오후 2시,"? 전동휠체어 축구 전국대회 출전 할 경기력 증진 활동   ? 국제축구연맹 및 국내 대외 활동 통한 사회적 활동경험과 교류   ? 정기 모임 8회, 교류전 7회, 전국휠체어축구대회 1회"
파크골프,,경기,용인시수지구,용인시 장애인 골프협회,지체장애,"매주 수,금 오후2시",용인시 장애인 골프협회 입니다.
파크골프,,경남,진주시,진주일송파크골프클럽,지체장애,매주토일2시-5시,
파크골프,,경기,시흥시,엠프핀데 파크골프클럽,지체장애,매주 토요일 13~14,시흥시에 위치하고 정왕동 파크골프장에서 활동하는 엠프핀데 파크골프클럽입니다.
파크골프,,경기,부천시,부천그레이트골프클럽,지체장애,"매주 화,토 오후2시",
파크골프,,충북,청주시청원구,2021 까치내파크골프,지체장애,"매주 화, 목 오후 1시반 - 4시반",문암장애인파크골프장을 사용하는 생활체육 동호회 클럽으로  회원간의 친목이 화기애애한 모임입니다
파크골프,스트레칭,경남,양산시,아리랑A,지체장애,매주 목요일 14시~17시,
파크골프,,충북,청주시흥덕구,2021 청주투게더파크골프클럽,지체장애,"매주 화,목 10:00~12:00",청주투게더파크골프크럽으로 청주문암파크골프장에서 활동하고 있으며 신생크럽이고 회원12명으로 출발합니다
파크골프,,경기,군포시,군포장애인골프협회,지체장애,매주 목 오후 2시,"군포장애인골프협회는 지체장애, 뇌병변 장애인, 비장애인으로 구성되어있으며 파크골프 활성화 및 발전에 기여하고 있음"
파크골프,,경남,김해시,신가야,지체장애,매주 수 오후1시,
파크골프,,경기,구리시,온달파크골프클럽,지체장애,매주 수 오전 10시,
파크골프,,경남,창원시의창구,천마클럽,지체장애,매주 금 오전 10시,어울림파크골프장으로 본 동호회는 파크골프의 기량을 육성하여 전국장애인체육 경기대회 등에 출전하여 좋은 성적과 우승하기 위하여 타 지역에 원정 경기도 하면서 선수 모두의 기량을 향상하고 건강한 체력을 유지 하고자한다
파크골프,골프,대구,중구,홀인원파크골프클럽,지체장애,매주 토.일 오후2시부터,파크골프에 관심이 있거나 배우고 싶은분은 언제던지 환영합니다.^^
파크골프,,서울,성동구,성동지체 파크골프 동호인클럽,지체장애,격주 금요일 오전10시,안녕하세요 서울지자체 성동구지회에서 운영하는 파크골프 모임입니다. 천천히 그리고 꾸준히 활동하고 싶습니다 (단체 메일 대표자 연락처 정정) sungdong8306@naver.com / 010-9894-7737
파크골프,,경북,구미시,구미장애인파크골프,지적장애,매일,"구미장애인 파크골프 클럽 회원 구성은  지적장애인, 장애인부모,사회복지사, 로 구성되어 있습니다."
파크골프,,충남,공주시,백제파크골프동호회,시각장애,월 14시,
파크골프,,경기,광명시,광명시파크골프클럽,지체장애,금 10시30분,
파크골프,골프,경북,포항시남구,포항우리클럽,지체장애,"매주월,수,금  15시",포항 우리클럽은 장애인 생활체육 자조모임 일환으로  건강증진과 화합을 도모하기 위해 클럽을 결성  활발한 활동을 하고있습니다.
파크골프,,강원,인제군,인제군장애인파크골프클럽,기타장애,매주 금요일 오전 10시,
파크골프,,경기,김포시,김포시장애인골프협회,지체장애,매주 목요일 오후3시,
파크골프,골프,대구,동구,다울파크골프클럽,기타장애,"토,일 오전9시","장애인과 비장애인의 협동과 소통, 화합으로 파크골프운동을 통한 활동으로 건강을 지키는 클럽입니다."
파크골프,골프,경기,의왕시,의왕시도깨비파크골프,지체장애,"매주 목, 토 오전 10시",모든회원분들이 아름답습니다
파크골프,,경기,과천시,과천한결파크골프,지체장애,"매주 월,목 오전 9시",과천시 장애인 한결 파크골프 클럽은 설립이 된지 5년된 동호회로 과천의 대표되는 장애인 파크골프 동호회로 개인 레슨을 통한 실력 향상뿐만이 아니라 각종 대회의 우승과 경기도 대표선수도 배출하는등 엄청난 발전을 거두고 있습니다. 아울러 회원들간의 친목 도모에도 많은 관심을 가지고 있사오니 저희 클럽에 가입을 하셔서 운동과 친목도모에 건강과 즐거움을 모두 챙겨 가시길 바랍니다.
파크골프,,대구,달성군,비슬파크골프클럽,지체장애,매주 수  12시,지체장애인협회 달성군지회 파크골프 클럽 입니다
파크골프,,강원,화천군,화천군장애인파크골프동호회,지체장애,매주 화 오전 9시,"화천군장애인골프협회에서 운영하는 장애인파크골프동호회입니다. 4월부터 동호회 운영을 시작으로 파크골프에 관심을 가지고 있는 장애인, 비장애인 구분없이 클럽을 운영하려고 합니다.  화천군장애인골프협회에 가입하셔서 파크골프동호회가 활성화 될 수 있도록 많은 참여 부탁드립니다. 가입문의 화천군장애인골프협회 회장 이상근 010-8805-7155"
파크골프,,서울,마포구,마파동(마포구 파크골프 동호인클럽),지체장애,매주 목 오후2시,장애인과 비장애인이 어울려  건강증진과 문화여가 생활을 즐기며  삶의 활력을 찾고  스포츠를 통해 서로간의 친목과 화합의 장을   만들어 가고 있습니다.
파크골프,,대구,달성군,달구벌파크클럽,뇌병변장애,매주 수 오후 2시,
파크골프,,경남,양산시,느티나무 파크골프,지적장애,매주 목 오후 1시 30분,사단법인 양산시장애인부모회에서 운영하는 파크골프 동호회입니다.
파크골프,,대구,,파크골프 개인(클럽없음),,,클럽에 소속되지 않은 동호인이 파크골프종목 대회에 참가하기위해 신청하는 클럽입니다.
파크골프,,경북,,파크골프 개인(클럽없음),,,클럽에 소속되지 않은 동호인이 파크골프종목 대회에 참가하기위해 신청하는 클럽입니다.
파크골프,골프,경기,화성시,화성코리요골프클럽,지체장애,"매주 화,목 오후2시",장애인과 일반일이 어울려함께 운동하는 클럽
파크골프,,경기,,파크골프 개인(클럽없음),,,클럽에 소속되지 않은 동호인이 파크골프종목 대회에 참가하기위해 신청하는 클럽입니다.
파크골프,,광주,광산구,광주장애인생활체육광산청솔파크골프동호회,기타장애,매주 월 수 금 13시,장애인과비장애인함께하는파크골프입니다.
파크골프,,광주,남구,광주장애인생활체육남구재석파크골프동호회,기타장애,매주 화 목 토 13시,남 여 노소가할수있은 파크골프입니다.
파크골프,,경기,오산시,어울림,지체장애,"수,목 오후 2시",
파크골프,,경남,양산시,둥지,지적장애,매주금요일 10시~12시,
파크골프,,대구,북구,이글파크골프클럽,지체장애,"매주 토,일 오후2시",이 클럽은 대구지체장애인협회 서구지회 소속 회원들로 최초로 구성되어 왕성한  활동을 하고있습니다. 현재 화동회원은 17명정도이고 장소는 서재환경사업소 내 골프장에서 2시~4시까지 하고 있으며  장애인보호자 등으로  약간의 일반인도 포함되어 있으며 회칙 상  일반인은 가입이 불가할 수  있습니다.
파크골프,,충남,아산시,2021년 온아파크골프클럽,지체장애,매주 목 오후 2시~4시,
파크골프,,경남,창원시진해구,진해벚꽃파크골프동우회,지체장애,"매주 화,수,금",
파크골프,골프,경남,양산시,아리랑파크골프동아리클럽,기타장애,매주 토.일 오전10~오후5시,장애인과 비장애인이 모여 함께 어우러지는 즐거운 골프모임클럽입니다.^^
파크골프,골프,서울,강서구,강서위너스파크골프,지체장애,매주 토요일 오후 1시,"장애인, 비장애인 모두 함께하는 동호회입니다. 함께 오셔서 같이 운동해요"
파크골프,,경기,화성시,화성피닉스클럽,지체장애,"매주 화,목 오후 2시",
파크골프,,충남,금산군,금산군장애인파크골프동호회,지체장애,매주 목요일 오후2시,2021 금산군장애인파크골프동호회 입니다. 4월1일부터 9월16일까지 진행하며  총15명의 선수들로 구성되어 개인훈련 및 단체경기를 진행하며 연습합니다.
파크골프,,충남,천안시,이글파크골프클럽,지체장애,수 14:00~16:00,"지체, 지적, 시각, 청각 등 모든 장애유형이 어울려 활동하는 이글파크골프클럽입니다. 천안 도솔광장, 풍세파크골프장에서 활동하고 있습니다."
파크골프,,울산,중구,희망나눔동행파크골프동호회,기타장애,매주 수요일 오후,"희망나눔파크골프동호회는 나라를 위해 희생, 공헌한 국가유공자(상이군경)가 회원으로  구성되어 60, 70대의 고령에도 건전한 스포츠 활동을 통해 상이처의 재활 및 심신의 건강을 유지하기 위해 운영되고 있음."
파크골프,,경기,하남시,하남시한마음장애인파크골프,기타장애,매주 토. 오전 9시,하남시 한마음 클럽은 하남시 지역 장애인들이 파크골프를 통해서 체력증진과 친목을 도모하여 몸도 마음도 건강해져 삶의 질이 향상되는 화목한 클럽입니다.
파크골프,,대구,달서구,하이파이브파크골프클럽,기타장애,매주 토.일 오후 2시,장애인들의 운동부족으로 인한 각종 스트레스 해소와 비장애인들과의 어울림으로 용기와 희망을 갖게 만들어 지역사회 발전에 참여도를 높이는 계기를 만든다.
파크골프,,서울,은평구,은평파워골프클럽,지체장애,"매주 화, 수, 목",대부분 지체장애어르신으로 구성된 동호회로 건전한 체육활동이 건전한 사회를 만든다는 일념으로  지역사회에서 밝고 건강하고 성실하게 생활하고 있다는 자긍심으로 생활하고 있는 동호회임
파크골프,,서울,강북구,강북구드림파크골프클럽,지체장애,매주 토 오전 9시,"서울특별시장애인골프협회 소속 드림파크골프 동호회는 2015년에 창단되었습니다. 파크골프를 통해 장애인과 비장애인이 함께 소통하며 생활체육으로 하나되는 사람들의 모임입니다. 강북구에 소재하고 있으며 장애인, 비장애인 모두 환영합니다."
파크골프,,강원,원주시,빛내리파크골프,지체장애,"매주 화,목,토 10시",
파크골프,,경남,거창군,어울림,지체장애,"매주 월,수,금 오후2시",
파크골프,,대구,달성군,에버그린파크골프클럽,지체장애,"매주 토, 일 오전 10시","나이와 성별의 구분없이 누구나 함께 즐길 수 있는 운동, 장애인과 비장애인 모두 어울릴 수 있는 스포츠... 가벼운 운동 강도로 유산소운동의 효과가 높은 파크골프를 즐기는 어울림 생활체육클럽으로 회원 상호간 친목을 도모하고 건강하고 행복한 삶을 누리는 것을 그 목적으로 운영합니다. 주 2회 이상 체육활동에 참여할 수 있는 분이라면 성별, 나이, 장애 유무와 상관없이 누구나 환영합니다."
파크골프,,경기,용인시수지구,아이비전통합스포츠클럽,지적장애,"매주 금 오후 5시, 6시","지적, 발달장애인 특수체육 전문교육기관입니다 특수체육, 수영, 골프, 스키, 농구 등 다양한 체육활동으로 학생들의 건강증진을 목표로 운영하고 있습니다"
파크골프,,광주,북구,광주장애인생활체육북구웰컴파크골프동호회,기타장애,매주 월 수 금 13시,클럽활동 열심히
파크골프,,광주,동구,광주장애인생활체육동구무등산파크골프동호회,지체장애,매주 월 수 금 13시,남 여 노소가즐길수있은파크골프입니다. 운동합시다.
파크골프,,광주,동구,광주장애인생활체육동구럭키파크골프동호회,기타장애,매주 화 목 토 13시,4대가할수있는 파크골프 입니다. 우리장애인에게는 더욱좋은 운동으로 추천드립니다. 많이 가입 신청해주십시요
파크골프,,전남,영광군,소나무클럽,지체장애,매주 토요일 10시30분,소나무클럽은 영광군 장애인 생활체육클럽으로 장애인의 정신과 신체적 건강을 도모하고 사회활동을 이끌고자 만든 클럽입니다.
파크골프,,광주,,파크골프 개인(클럽없음),,,클럽에 소속되지 않은 동호인이 파크골프종목 대회에 참가하기위해 신청하는 클럽입니다.
파크골프,,경남,양산시,양산청맥클럽동아리,시각장애,"매주 토, 일",재활의 한 과정으로 심신을 단련하여 몸과 마음의 건강을 체육활동을 통하여 사회참여와 자립생활을 목적으로 어우러져 있는 동아리 입니다.
파크골프,,충남,태안군,장애인생활체육파크골프클럽,지체장애,매주 화 오후 13시 30분,
파크골프,,충북,음성군,2021 샛별파크골프동호회,지체장애,"매주 화, 토 10시~12시",
파크골프,,경남,양산시,굼벵이,지체장애,"매주 토,일 오후2시",장애인과 비장애인으로 구성된 클럽으로 활동하는 단체입니다.
파크골프,,경남,밀양시,밀장복파크골프클럽,기타장애,"매주 월10시, 주말 오전","저희 밀장복파크골프클럽은 장애인과 비장애인이 함께 파크골프를 즐기면서 회원간의 친목을 도모하고 특히 장애인들의 여가활용과 사회성형성, 재활치료에 중점을 두고 밀양시파크골프장을 이용하여 저렴하게 스포츠를 즐기는 동우회입니다."
파크골프,,충남,태안군,장애인생활체육파크골프교실,지체장애,매주 수요일오후1시,
파크골프,,충북,청주시,2021 청주직지파크골프클럽,지체장애,매주 수.토 오전09:30~12:00,청주직시파크골프클럽 많은 참여와 관심 부탁드립니다.
파크골프,,서울,노원구,노원 한마음파크골프동호회,지체장애,매주 화 오후 1시,"서울시 노원구에서 파크골프 종목으로 활동하며, 노원구장애인체육회 가맹단체로, 지체장애, 뇌병변장애 및 기타장애등 여러유형의 장애인들과 비장애인들로 구성된 어울림 파크골프동호회 입니다."
파크골프,,인천,,파크골프 개인(클럽없음),,,클럽에 소속되지 않은 동호인이 파크골프종목 대회에 참가하기위해 신청하는 클럽입니다.
파크골프,,경남,양산시,SJ파크골프,기타장애,화 목 토 오전 10시~12 오후 1시~4시,신장장애인들의 재활자립을 도모하고 장애인 체육의 중요성을 알고 스포츠를 통화여 신체적으로 건강한 삶을 영위하기 위해~
파크골프,골프,충남,보령시,보령시비바장애인골프클럽,지체장애,매주 토,저희 보령시 비바 장애인골프클럽은 주로 장애인으로 이루어졌으며   매주 토요일 10시부터 운영되고 있습니다
파크골프,,서울,성북구,성북미래홀인원파크골프클럽,지체장애,"매주 화, 토 1시",성북미래홀인원은 장애/비 장애인이 어울림으로 모여서 활동하는 동호회 입니다.
파크골프,,경남,김해시,에코파크골프,지체장애,매주 토 오전 10시,"본 클럽은 장애인과 비장애인들로 구성된 순수한 동회회 단체로서, 모임을 통하여 회원 상호간의 유대와 친목을 도모하고, 실력 증진과 여가 선용 및 건강한 육체와 건전한 정신을 유지 발전시키는 것을 목적으로 하는 어울림클럽입니다.."
파크골프,,전남,순천시,순천만장애인파크골프,지체장애,"매주수요일, 일요일","순천만장애인파크골프동호회는 장애인스포츠클럽을 위해 창단되어 현재는 장애인, 비장애인이 어울림으로 활동하고 있으며 2019년12월07일 창단하여 개인의 건강과 사회활동참여에 적극활동하는 장애인스포츠클럽입니다"
파크골프,,경기,부천시,부천드림골프클럽,지체장애,"매주 화,토  오후 1시",부천드림골프클럽
파크골프,골프,경남,양산시,US파크골프크럽,지체장애,매주 토. 일 오후 2시,us파크골프클럽은 동양산에 거주하는 장애인 13명으로 구성되어 건강증진및 화합을 목적으로 월1회 월례회모임을 통하여 소통하고 운동함.
파크골프,골프,경남,김해시,파크골프김해,지체장애,매주토요일10부터2시까지,"생활체육종목으로서의 장애인파크골프 가치를 대,내외적으로 홍보 지역사회 내 파크골프를 통한 장애인과 비장애인간의 대중화 실현 기여"
파크골프,,경기,하남시,하남시지장협파크골프,지체장애,"매주 토요일, 일요일 오전 10시",
파크골프,,충남,천안시,홀인원 시각장애인파크골프클럽,시각장애,"매주 화,수 오전9시30분",천안시 시각장애인 파크골프 클럽 홀인원입니다.
파크골프,골프,경남,창원시진해구,드림홀인원,기타장애,"매주 토, 일 오후 1시",드림홀인원은 장애/비장애 함께 어울림 클럽입니다. 혼자서 이동이 가능한 여성 장애인 분들의 많은 참석을 기다립니다. 연락처는 총무 손미연 010-3160-9781입니다.
파크골프,,경기,고양시,고양나이스,지체장애,"매주 월, 수,목,금,토오후1시",고양나이스 클럽은 현재 약 35명의 장애인과 비장애인이 함께 가입되어 있는 파크골프클럽입니다 고양시에 유일한 경기도장애인골프협회 고양시지회 클럽이며 2012년도에 구셩되어 현재까지 파크골프를 통해 사회성을 높이고  장애인들의 건강한 삶을 살수 잇도록 최선을 다하는 클럽입니다.
파크골프,,경남,,파크골프 개인(클럽없음),,,클럽에 소속되지 않은 동호인이 파크골프종목 대회에 참가하기위해 신청하는 클럽입니다.
파크골프,,울산,울주군,신불산파크골프클럽동호회,지체장애,매주화요일 14:00~16시,신불산 파크골프클럽 동호회는 신규로 출범하는 동호회로 장애인들의 건강과 함께 열심히 운동하는 동호회 클럽이 되겠습니다.
파크골프,골프,경남,진주시,진주시장애인스크린및필드골프클럽,지체장애,매주 토요일 오전 9시,안녕하세요  장애인으로 필드 골프을 하고 있는분들을 초대합니다.  많이 참석해주세요
파크골프,골프,경남,진주시,진주시장애인골프클럽,지체장애,매주 토일 오전 10시,안녕하세요  진주시장애인파크골프클럽입니다. 남여노소 누구나 오세요
파크골프,,부산,북구,부산광역시 북구 장애인 파크골프클럽,지체장애,매주 수 오후2시,장애인의 기초체력증진 및 야외 활동을 통한 신체 기능 향상에 좋은 파크골프 모임을 위해 조직
파크골프,,전남,목포시,목포그라운드골프클럽,청각장애,"매주 월, 오후3시30분",
파크골프,,서울,노원구,킹스필드파크골프클럽,지체장애,"매주 화,토 10~17시",
파크골프,,서울,양천구,양천파크골프동호회,지체장애,매주 토 오후1시,양천구에 있는 장애인파크골프동호회로서 회원 간에 배려와 사랑으로 즐겁고 행복하게 운동을 하는 동호회입니다.
파크골프,,경남,김해시,사랑,지체장애,매주토 오전10시,
파크골프,,경북,청도군,청도파크골프동호회,기타장애,매주 토요일 오후4시,경북 청도군 장애인파크골프협회에서 운영되는 동호회로써 16명의 회원으로 구성되어 각종 경기기에참여하고 있습니다.
파크골프,,서울,강서구,강서어울림파크골프동호회,지체장애,매주 토요일 13:00,비록 몸은 불편하여도 푸른 잔디를 밞으며 서로 협심하여 건강을 휘해 한마음 한뜻츠로 모여 운동하는 모임
파크골프,,서울,종로구,렛츠고파크골프동호회,지체장애,넷째주 토 4시간,장애인과 비장애인이 함께 어울려 친목도모 및 유대감 형성으로 장애에 대한 인식개선 기여
파크골프,,대구,달서구,한마음(장애인)파크골프클럽,기타장애,"매주 토, 일 오후4시",파크골프 장애인클럽으로 소신있게 즐겁게 운동하며 살자
파크골프,,대구,남구,온그린파크골프클럽,기타장애,"매주 토, 일 오후3시",본클럽은 장애인과 비장애인의 친목도모와 교류를 통하여   건전한 취미활동과 체력증진 향상을 위하여 함께하는 어울림 클럽입니다.
파크골프,,서울,,파크골프 개인(클럽없음),,,클럽에 소속되지 않은 동호인이 파크골프종목 대회에 참가하기위해 신청하는 클럽입니다.
파크골프,,서울,영등포구,영복회 파크골프 클럽,뇌병변장애,"매주 수,금 1시-4시",영등포장애인복지관 파크골프 동호인클럽입니다
파크골프,,경남,합천군,황강파크골프,지체장애,"매주 화 ,금 오후1시",저희 황강 파크골프는 신설 된지는얼마 안되었으나 회원들에게 인기가 많은탓으로 꾸준히 회원이 늘어 나고있으며 지도하시는 강사님께서도 열심히 잘 가르켜주시므로 회원들이 모두 열심히 배우며 즐거워하고 있습다 더많은 연습 공간이 만들어지고 하루빨리 코로나가 잠재워진다면 우리 회원 모두가 다같이 한곳에 모여서 마음껏 강습도하고 연습도 하는 시간이 되었으면 합니다.
파크골프,,경기,부천시,부천판타지아골프동호회,지체장애,"매주 수,토 오후3시",
파크골프,,광주,서구,광주장애인생활체육거점스포츠파크골프동호회,기타장애,매주 금.토.일 13시,남 여노소가즐길수있는파크골프입니다
파크골프,,충남,홍성군,홍성군파크골프동호회,지체장애,매주 화 오후1시,
파크골프,,경기,파주시,한수위클럽,기타장애,"매주 화, 목 오후 2시",
파크골프,,광주,서구,광주장애인생활체육서구파크골프동호회,기타장애,매주 월. 수.금 13시,누구나즐길수있은파크골프운동입니다
파크골프,,충남,예산군,한사랑파크골프클럽,지체장애,매주 월 오후 13시30분,안녕하세요 예산군 한사랑파크골프클럽 입니다. 매주 목요일 13:30~15:30까지 무한천 파크골프장에서 진행됩니다.
파크골프,,경기,구리시,보향파크골프클럽,지체장애,매주 목 오전 10시,
파크골프,,서울,강서구,한누리 파크골프 동호회,지체장애,매주 토요일 오후 1시,
파크골프,,울산,북구,태화강파크골프클럽,지체장애,매주 월요일 09시~11시,태화강 파크골프클럽은 장애인 비장애인이 함께하는 어울림 동회로 서로 존중하며 신뢰하며 운동을 열심히 하는 클럽이 되겠습니다.
파크골프,,경기,구리시,동구파크골프클럽,지체장애,"매주 일, 오전 10시",
파크골프,,충남,보령시,보령시청각장애인파크골프클럽,기타장애,매주 월~금 오후2시,장애인파크골프클럽
파크골프,,충남,,파크골프 개인(클럽없음),,,클럽에 소속되지 않은 동호인이 파크골프종목 대회에 참가하기위해 신청하는 클럽입니다.
파크골프,,경남,창원시,파크골프민들레동호회,지체장애,"화, 금 14:00~17:00",
댄스스포츠,휠체어댄스스포츠,전남,여수시,여수휠체어댄스스포츠클럽,지체장애,매주 토 9시,"전남 여수에서 휠체어, 전동휠체어로 장애인과 비장애인! 장애인과 장애인의 함께하는 여수 휠체어댄스스포츠클럽입니다."
댄스스포츠,생활체조,대전,동구,대전광역시립손소리복지관,청각장애,매주 금 오전 11시,"안녕하세요. 대전광역시립손소리복지관입니다. 저희 복지관은 충청권 유일 청각·언어장애인 복지관입니다. 복지관은 농아인(청각·언어장애인)의 특성을 이해하고, 사회구성원으로서 인권을 존중하여 필요한 제반서비스를 제공하고, 지역사회생활을 위한 환경조성을 통하여 농아인(청각·언어장애인)의 자립과 사회통합을 실현하고자 하는데 목적을 둔다."
댄스스포츠,,대구,달서구,위브시각장애인댄스스포츠교실,시각장애,202104-202110,
아이스하키,빙상,경기,안양시동안구,안양장애인빙상연맹,지적장애,화.목 오후 4시,
야구소프트볼,,대구,중구,휠라이온즈 휠체어야구클럽,지체장애,매주 일 오후2시,"휠체어에 앉아서 홈런을 꿈꿉니다! 야구를 보는것에 머무르지 않고 직접 참여하고 즐기는 나아가 대회에 참가해 우승한 클럽입니다. 이론부터 실전까지 지도해 드리고 휠체어와 야구로 함께 할 수 있는 경,중증의 장애인과 비장애인 남녀 누구나 모두를 환영합니다~^^"
야구소프트볼,야구,서울,광진구,코리아장애인야구단,지체장애,매주 토 오후12시,"대한민국 최초의 지체장애인야구단인 코리아장애인야구단은 장애인들의 산실인 정립회관을 기반으로 장애인들과 비장애인이 어우려져 함께할수 있는 야구단입니다. 장애,비장애를 떠나서 누구나 참여할 수 있는 야구단이며 야구에 대한 열정을 가지고 있으면 실력의 상 하 여부와 상관없이 함께 할수 있는 코리아장애인야구단입니다."
야구소프트볼,,경남,사천시,경남휠다이노스,지체장애,매주 화.목 오후2시,
야구소프트볼,,서울,중랑구,대한장애인야구클럽,지체장애,매주 토요일 오후 2시,대한민국 지체장애인 야구클럽으로 야구에 대한 열정으로 장애인 및 비장애인들의 어울림 야구클럽입니다.
야구소프트볼,,대구,달서구,데프우먼야구단,청각장애,"매주 토,일 오전10시~오후5시",
야구소프트볼,기타,강원,정선군,정선천하무적야구단,비장애인,매주 월,정선군종합사회복지관 프로그램으로 지적장애인과 비장애인 봉사 코치진으로 어울림 야구를 하고 있습니다.
아이스슬레지하키,,서울,송파구,KNSU 파라스타즈,비장애인,"매주 토, 일 오후 3시",한국체육대학교 파라아이스하키클럽 팀입니다.
